사업장명,업종구분대분류,인허가일자,인허가취소일자,영업상태명,폐업일자,휴업시작일자,휴업종료일자,재개업일자,소재지면적,지번주소,도로명주소,도로명우편번호,데이터갱신일자
제주마임 삼화지사,방문판매업,20190215,,영업/정상,,,,,,제주특별자치도 제주시 이도이동 ****번지 전원파크맨션 ***호,"제주특별자치도 제주시 신성로**길 **, *층 ***호 (이도이동, 전원파크맨션)",63206.0,2020-04-09 02:40:00
마임 노형서부지사,방문판매업,20190218,,영업/정상,,,,,,제주특별자치도 제주시 연동 ****번지 *호 수현빌딩 *층,"제주특별자치도 제주시 일주서로 ****, 수현빌딩 *층 (연동)",63126.0,2019-02-21 02:21:27
농업회사법인 주식회사 제주활인목장,방문판매업,20230831,,영업/정상,,,,,,제주특별자치도 제주시 아라일동 산 *-*,,,2023-10-12 02:40:00
구좌농업협동조합,방문판매업,20190417,,영업/정상,,,,,,제주특별자치도 제주시 구좌읍 세화리 ****번지 *호,제주특별자치도 제주시 구좌읍 구좌로 **,63361.0,2022-09-07 02:40:00
주식회사 유니이앤티(UNI E&T Co.Ltd.),방문판매업,20190402,,영업/정상,,,,,,제주특별자치도 제주시 일도이동 ****-**,"제주특별자치도 제주시 신산로 **, *층 (일도이동)",63265.0,2021-08-07 02:40:00
세진 C&C 마트,방문판매업,20190708,,영업/정상,,,,,,제주특별자치도 제주시 화북일동 ****번지 **호,제주특별자치도 제주시 일주동로 *** (화북일동),63292.0,2019-07-10 02:21:55
주식회사 써니빌렌트카,방문판매업,20190725,,영업/정상,,,,,,제주특별자치도 제주시 노형동 ****번지,제주특별자치도 제주시 오광로 *** (노형동),63106.0,2019-07-27 02:21:47
신 로하스,방문판매업,20181004,,영업/정상,,,,20210930.0,,제주특별자치도 제주시 노형동 ****-* 신영빌딩,"제주특별자치도 제주시 월랑로 **, 신영빌딩 ***호 (노형동)",63100.0,2022-01-10 02:40:00
늘푸른바이오환경,방문판매업,20220415,,영업/정상,,,,,,제주특별자치도 제주시 삼도이동 ***-*,제주특별자치도 제주시 전농로*길 **-*(삼도이동),63171.0,2022-04-17 00:22:33
뉴톤보청기 제주지사,방문판매업,20241104,,영업/정상,,,,,,제주특별자치도 제주시 이도일동 ****-** *층,"제주특별자치도 제주시 서광로 ***, *층 (이도일동)",63198.0,2025-05-29 02:40:00
제주야렌트카 주식회사,방문판매업,20241112,,영업/정상,,,,,,제주특별자치도 제주시 용담이동 ****-*,제주특별자치도 제주시 용문로 **-* (용담이동),63164.0,2025-07-26 02:40:00
백년가약,방문판매업,20100930,,영업/정상,,,,,,제주특별자치도 제주시 연동 ****-* 정한아파트,"제주특별자치도 제주시 일주서로 ****, 정한아파트 제가동 제*층 제***호 (연동)",63126.0,2022-11-09 02:40:00
(주)넥슨네트웍스,방문판매업,20101229,,영업/정상,,,,,,제주특별자치도 제주시 노형동 ****-* 현대해상,"제주특별자치도 제주시 도령로 **, 현대해상빌딩 (노형동)",63098.0,2024-05-15 02:40:00
에치와이 제주점,방문판매업,20110103,,영업/정상,,,,,,제주특별자치도 제주시 삼도일동 ***-**,제주특별자치도 제주시 전농로*길 **-* (삼도일동),63173.0,2021-05-14 02:40:00
현대건설장비제주대리점,방문판매업,20060720,,영업/정상,,,,,,제주특별자치도 제주시 화북이동 ****번지 *호,제주특별자치도 제주시 부록*길 ** (화북이동),63304.0,2018-08-31 23:59:59
A+과학나라,방문판매업,20061108,,영업/정상,,,,,,제주특별자치도 제주시 연동 ***번지 **호,"제주특별자치도 제주시 신대로*길 **, ***호 (연동, 주영빌라)",63119.0,2018-08-31 23:59:59
한국지엠제주판매(주),방문판매업,19961112,,영업/정상,,,,,,제주특별자치도 제주시 건입동 ***번지 **호,"제주특별자치도 제주시 동문로 ***, *층 (건입동)",63283.0,2020-04-01 02:40:00
더좋은제주여행,방문판매업,20061117,,영업/정상,,,,,,제주특별자치도 제주시 이도이동 ***번지 *호,제주특별자치도 제주시 천수로 *-* (이도이동),,2018-08-31 23:59:59
조은소리보청기,방문판매업,20090511,,영업/정상,,,,,,제주특별자치도 제주시 이도이동 ****번지 *호,제주특별자치도 제주시 서광로 ***-* (이도이동),63207.0,2022-09-07 02:40:00
우리제주상조(주),방문판매업,20120109,,영업/정상,,,,,,제주특별자치도 제주시 아라이동 ****번지 *호,"제주특별자치도 제주시 승천로 **, *층 (아라이동)",63231.0,2018-08-31 23:59:59
주식회사 대우트럭제주영업소,방문판매업,20100615,,영업/정상,,,,,,제주특별자치도 제주시 화북일동 ****번지 *호,제주특별자치도 제주시 선반로 ** (화북일동),63298.0,2018-08-31 23:59:59
제주제일건강생활,방문판매업,20100714,,영업/정상,,,,,,제주특별자치도 제주시 이도이동 *** 혜성무지개타운,"제주특별자치도 제주시 남광로 **, ***동 ***호 (이도이동, 혜성무지개타운)",63226.0,2024-05-31 02:40:00
제주아가월드,방문판매업,20120224,,영업/정상,,,,,,제주특별자치도 제주시 용담이동 ****번지 *호,제주특별자치도 제주시 서광로 ** (용담이동),63164.0,2018-08-31 23:59:59
(주) 삼다제주본부,방문판매업,20120611,,영업/정상,,,,,,제주특별자치도 제주시 도남동 ***번지,제주특별자치도 제주시 연삼로 ***-* (도남동),63202.0,2018-08-31 23:59:59
오케이114주식회사,방문판매업,20140110,,영업/정상,,,,,,제주특별자치도 제주시 이도일동 ****번지 *호 올래케이티,"제주특별자치도 제주시 전농로 ***, 올래케이티 (이도일동)",63199.0,2020-04-09 02:40:00
한경농업협동조합,방문판매업,20171116,,영업/정상,,,,,,제주특별자치도 제주시 한경면 두모리 ****번지 *호 한경농협,제주특별자치도 제주시 한경면 두신로 **,63002.0,2018-08-31 23:59:59
제주양돈축산업협동조합,방문판매업,20171122,,영업/정상,,,,,,제주특별자치도 제주시 노형동 ****번지 *호,제주특별자치도 제주시 월랑로 ** (노형동),63097.0,2020-03-27 02:40:00
제주고산농업협동조합,방문판매업,20171201,,영업/정상,,,,,,제주특별자치도 제주시 한경면 고산리 ****번지 *호,제주특별자치도 제주시 한경면 용고로 **,63008.0,2021-06-25 02:40:00
주식회사 쌍용자동차제주행운영업소,방문판매업,20121121,,영업/정상,,,,,,제주특별자치도 제주시 아라이동 ****번지 *호,제주특별자치도 제주시 박성내동길 ** (아라이동),63230.0,2018-08-31 23:59:59
애월농업협동조합,방문판매업,20180212,,영업/정상,,,,,,제주특별자치도 제주시 애월읍 애월리 ****번지 *호 애월농업협동조합,"제주특별자치도 제주시 애월읍 애원로 **, 애월농업협동조합",63044.0,2020-04-09 02:40:00
제주축산업협동조합,방문판매업,20180416,,영업/정상,,,,,,제주특별자치도 제주시 일도일동 ****번지,제주특별자치도 제주시 동문로 ** (일도일동),63278.0,2024-03-23 02:40:00
윤선생제주영어교실,방문판매업,20180605,,영업/정상,,,,,,제주특별자치도 제주시 일도이동 ***번지 **호 인화빌딩 *층,"제주특별자치도 제주시 동광로 ***, 인화빌딩 *층 (일도이동)",63275.0,2020-04-09 02:40:00
건국유업 제주점,방문판매업,20180605,,영업/정상,,,,,,제주특별자치도 제주시 오라일동 ****-* *층,"제주특별자치도 제주시 오라로**길 **, *층 (오라일동)",63191.0,2024-12-07 02:40:00
고려양행제주총판,방문판매업,20040924,,영업/정상,,,,20211005.0,,제주특별자치도 제주시 삼도일동 ***번지 *호,제주특별자치도 제주시 전농로*길 * (삼도일동),63173.0,2021-10-07 02:40:00
생그린,방문판매업,19971128,,영업/정상,,,,,,제주특별자치도 제주시 연동 ***번지 **호 삼다연동맨션,"제주특별자치도 제주시 신대로**길 ** (연동, 삼다연동맨션)",63133.0,2018-09-20 23:59:59
현대서제주판매대리점,방문판매업,19981028,,영업/정상,,,,,,제주특별자치도 제주시 노형동,제주특별자치도 제주시 노형로 *** (노형동),63088.0,2018-08-31 23:59:59
동양북센터,방문판매업,20130805,,영업/정상,,,,,,제주특별자치도 제주시 조천읍 함덕리 ****번지 *호,제주특별자치도 제주시 조천읍 신북로 ***,63333.0,2018-08-31 23:59:59
현대제주하귀판매대리점,방문판매업,19991213,,영업/정상,,,,,,제주특별자치도 제주시 애월읍 하귀*리 ***번지 *호,제주특별자치도 제주시 애월읍 일주서로 ****,63053.0,2019-11-22 02:40:00
남양유업 신제주 가정대리점,방문판매업,20170620,,영업/정상,,,,,,제주특별자치도 제주시 노형동 ***번지 *호,"제주특별자치도 제주시 진군*길 **-**, *층 (노형동)",63089.0,2018-08-31 23:59:59
매일유업 ㈜ 제주가정대리점,방문판매업,20170712,,영업/정상,,,,,,제주특별자치도 제주시 이도이동 ***번지,제주특별자치도 제주시 천수로 ** (이도이동),63215.0,2019-05-12 02:40:00
신제주DS 대리점,방문판매업,20170713,,영업/정상,,,,,,제주특별자치도 제주시 노형동 ****번지 *호,"제주특별자치도 제주시 고사마루길 **, A동 ***호 (노형동, 현일연립주택)",63092.0,2018-08-31 23:59:59
연세우유제주대리점,방문판매업,20170828,,영업/정상,,,,,,제주특별자치도 제주시 이도이동 ****번지 *호,"제주특별자치도 제주시 구남동*길 *-*, *층 (이도이동)",63232.0,2020-01-30 02:40:00
주식회사 굿모닝텔레콤,방문판매업,20170110,,영업/정상,,,,,,제주특별자치도 제주시 노형동 ***번지 *호,제주특별자치도 제주시 연북로 ** (노형동),63085.0,2018-08-31 23:59:59
에이스 한림점,방문판매업,20170425,,영업/정상,,,,,,제주특별자치도 제주시 한림읍 동명리 ****번지 *호,제주특별자치도 제주시 한림읍 한림상로 ***,63013.0,2018-08-31 23:59:59
그랜드보청기,방문판매업,20170602,,영업/정상,,,,,,제주특별자치도 제주시 삼도일동 ***-* *층,"제주특별자치도 제주시 서광로 ***, *층 (삼도일동)",63182.0,2021-05-30 02:40:00
남양유업구제주가정대리점,방문판매업,20170613,,영업/정상,,,,,,제주특별자치도 제주시 삼도일동 ***번지 **호,제주특별자치도 제주시 서사로**길 * (삼도일동),63177.0,2018-08-31 23:59:59
남양유업 제주가정대리점,방문판매업,20170616,,영업/정상,,,,,,제주특별자치도 제주시 삼양일동 ****번지 *호,제주특별자치도 제주시 원당로*길 ** (삼양일동),63318.0,2018-08-31 23:59:59
남양유업일출가정대리점,방문판매업,20170619,,영업/정상,,,,,,제주특별자치도 제주시 외도일동 ***번지 **호,제주특별자치도 제주시 우정로**길 ** (외도일동),63069.0,2018-08-31 23:59:59
김상민아가리쿠스,방문판매업,20150706,,영업/정상,,,,,,제주특별자치도 제주시 노형동 ***번지 **호,제주특별자치도 제주시 ****로 ****-** (노형동),63079.0,2020-04-02 02:40:00
제일교육,방문판매업,20140731,,영업/정상,,,,,,제주특별자치도 제주시 화북이동 ****번지 *호,제주특별자치도 제주시 부록*길 ** (화북이동),63304.0,2020-04-01 02:40:00
상아헬스케어,방문판매업,20150817,,영업/정상,,,,,,제주특별자치도 제주시 도련일동 ****번지 *호,"제주특별자치도 제주시 건주로*길 **-*, *층 (도련일동)",63324.0,2020-04-26 02:40:00
금강디지털보청기,방문판매업,20151019,,영업/정상,,,,,,제주특별자치도 제주시 연동 ***번지 **호 삼주빌딩 *층,"제주특별자치도 제주시 삼무로 **, 삼주빌딩 *층 (연동)",63129.0,2018-08-31 23:59:59
윤선생 영어교실 외도센터,방문판매업,20140702,,영업/정상,,,,,,제주특별자치도 제주시 외도일동 ***번지 *호 ***호,"제주특별자치도 제주시 우정로**길 *, *층 ***호 (외도일동)",63070.0,2023-02-01 02:40:00
이도서부마임지사,방문판매업,20140723,,영업/정상,,,,,,제주특별자치도 제주시 연동 ****번지 *호 도원스카이타워빌 ***호,"제주특별자치도 제주시 성신로*길 **, ***호 (연동, 도원스카이타워빌)",63127.0,2018-08-31 23:59:59
홍선생 미술 제주지사,방문판매업,20091027,,영업/정상,,,,,,제주특별자치도 제주시 일도이동 ** 일도삼주아파트,"제주특별자치도 제주시 천수로*길 **, ***동 ***호 (일도이동, 일도삼주아파트)",63258.0,2023-04-16 02:40:00
맑은소리보청기,방문판매업,20141113,,영업/정상,,,,,,제주특별자치도 제주시 삼도일동 ***-*,제주특별자치도 제주시 서광로 ***(삼도일동),63183.0,2021-07-28 02:40:00
(주)지티엘,방문판매업,20150107,,영업/정상,,,,,,제주특별자치도 제주시 조천읍 대흘리 ****번지 *호,제주특별자치도 제주시 조천읍 중산간동로 ***,63343.0,2019-12-06 02:40:00
뉴제주명품영농조합법인 제주지점,방문판매업,20151211,,영업/정상,,,,,,제주특별자치도 제주시 도남동 ***번지 *호 *층,"제주특별자치도 제주시 복지로 **, *층 (도남동)",63234.0,2018-08-31 23:59:59
현대일도판매대리점,방문판매업,19990603,,영업/정상,,,,,,제주특별자치도 제주시 일도이동 **-*,제주특별자치도 제주시 연삼로 ***(일도이동),63260.0,2021-07-29 02:40:00
차세대,방문판매업,19991026,,영업/정상,,,,,,제주특별자치도 제주시 화북일동 ****번지,제주특별자치도 제주시 화남로 ** (화북일동),,2018-08-31 23:59:59
현대화북판매대리점,방문판매업,19991216,,영업/정상,,,,,,제주특별자치도 제주시 화북일동 ****,제주특별자치도 제주시 일주동로 ***(화북일동),63288.0,2021-07-31 02:40:00
기아자동차오성대리점,방문판매업,20000224,,영업/정상,,,,,,제주특별자치도 제주시 연동 ****번지 *호,제주특별자치도 제주시 일주서로 **** (연동),63128.0,2019-12-01 02:40:00
기아자동차삼다대리점,방문판매업,20000229,,영업/정상,,,,,,제주특별자치도 제주시 이도이동 ****번지 **호,제주특별자치도 제주시 동광로 ** (이도이동),63213.0,2018-08-31 23:59:59
한국몬테소리(제주),방문판매업,20060703,,영업/정상,,,,,,제주특별자치도 제주시 도남동 **번지 **호,제주특별자치도 제주시 연삼로 *** (도남동),63205.0,2018-08-31 23:59:59
제주보청기,방문판매업,20161108,,영업/정상,,,,,,제주특별자치도 제주시 연동 ***번지 **호 삼주빌딩,"제주특별자치도 제주시 삼무로 **, 삼주빌딩 *층 (연동)",63129.0,2020-04-09 02:40:00
주식회사 이레오토모빌,방문판매업,20171026,,영업/정상,,,,,,제주특별자치도 제주시 노형동 ***-** 노형해든빌,"제주특별자치도 제주시 원노형*길 **, ***호 (노형동, 노형해든빌)",63084.0,2021-05-12 02:40:00
더 스타일 인셀덤,방문판매업,20191227,,영업/정상,,,,,,제주특별자치도 제주시 한림읍 한림리 ***번지 **호,제주특별자치도 제주시 한림읍 한림중앙로 **,63029.0,2020-05-23 02:40:00
제주시노형윤선생영어교실,방문판매업,20191216,,영업/정상,,,,,,제주특별자치도 제주시 노형동 ****번지 *호,"제주특별자치도 제주시 남녕로 **, *층 (노형동)",63097.0,2020-04-09 02:40:00
제주마임 동문지사,방문판매업,20191021,,영업/정상,,,,,,제주특별자치도 제주시 이도일동 ****번지 **호,제주특별자치도 제주시 중앙로**길 * (이도일동),63192.0,2019-10-25 00:22:58
주식회사 청록,방문판매업,20191121,,영업/정상,,,,,,제주특별자치도 제주시 노형동 ****번지 *호 아란야플라자,"제주특별자치도 제주시 월랑로*길 *, 아란야플라자 ***호 (노형동)",63097.0,2019-11-23 00:23:21
와이존 세비클럽,방문판매업,20220221,,영업/정상,,,,,,제주특별자치도 제주시 한림읍 금능리 ****,제주특별자치도 제주시 한림읍 금능*길 **-*,63010.0,2022-10-28 02:40:00
에띠임&에띠모 제주센터,방문판매업,20220127,,영업/정상,,,,,,제주특별자치도 제주시 노형동 ****-*,"제주특별자치도 제주시 달마루길 **-*, *층 (노형동)",63100.0,2025-02-27 02:40:00
올래통신,방문판매업,20230607,,영업/정상,,,,,,제주특별자치도 제주시 일도이동 ***-*,"제주특별자치도 제주시 고마로 **, 상가동 ***호 (일도이동)",63266.0,2023-06-10 00:19:49
디에스텔,방문판매업,20240605,,영업/정상,,,,,,제주특별자치도 제주시 용담일동 ***-**,"제주특별자치도 제주시 남성로 **-*, *층 (용담일동)",63174.0,2024-06-08 00:14:19
제주건강생활,방문판매업,20240719,,영업/정상,,,,,,제주특별자치도 제주시 도남동 ****-*,"제주특별자치도 제주시 복지로 **-**, *층 (도남동)",63234.0,2024-07-25 00:13:49
시즌글라스제주협동조합,방문판매업,20240620,,영업/정상,,,,,,제주특별자치도 제주시 아라일동 ****-*,"제주특별자치도 제주시 아봉로 **, *층 (아라일동)",63247.0,2024-06-22 00:14:07
기아한라대리점,방문판매업,20240115,,영업/정상,,,,,,제주특별자치도 제주시 오라이동 **** 광은빌딩,"제주특별자치도 제주시 연삼로 ***, 광은빌딩 *층 (오라이동)",63148.0,2024-01-17 00:16:56
로만남부제주지사,방문판매업,20200228,,영업/정상,,,,,,제주특별자치도 제주시 아라일동 ****번지 **호,"제주특별자치도 제주시 아란**길 *-**, *층 (아라일동)",63238.0,2020-04-03 02:40:00
제주마임남부지사,방문판매업,20200312,,영업/정상,,,,,,제주특별자치도 제주시 이도이동 ****번지 전원파크맨션,"제주특별자치도 제주시 신성로**길 **, ***호 (이도이동, 전원파크맨션)",63206.0,2020-03-14 00:23:22
마임 서부지사,방문판매업,20200312,,영업/정상,,,,,,제주특별자치도 제주시 삼도일동 ***번지 *호,"제주특별자치도 제주시 전농로 **, *층 (삼도일동)",63177.0,2020-03-18 02:40:00
마임연동지사,방문판매업,20200327,,영업/정상,,,,,,제주특별자치도 제주시 연동 ****-* 수현빌딩,"제주특별자치도 제주시 일주서로 ****, 수현빌딩 *층 (연동)",63126.0,2022-02-12 02:40:00
삼성에듀,방문판매업,20200306,,영업/정상,,,,,,제주특별자치도 제주시 일도이동 ***번지 *호,제주특별자치도 제주시 동광로 *** (일도이동),63254.0,2020-03-08 00:23:22
카일라스마트,방문판매업,20211213,,영업/정상,,,,,,제주특별자치도 제주시 연동 ***-* 제주CBS방송국,"제주특별자치도 제주시 신광로 **, 제주CBS방송국 *층 (연동)",63125.0,2021-12-15 00:22:43
주식회사 케이지모빌리티제주행운영업소,방문판매업,20230427,,영업/정상,,,,,,제주특별자치도 제주시 아라이동 ****-*,제주특별자치도 제주시 박성내동길 ** (아라이동),63230.0,2023-04-30 00:20:04
에이원 A one,방문판매업,20230508,,영업/정상,,,,,,제주특별자치도 제주시 아라일동 ****-* 아라지엘지,"제주특별자치도 제주시 아란*길 **-*, 아라지엘지 *층 (아라일동)",63237.0,2023-05-11 00:19:54
케이씨 전기자동차판매 제주지사,방문판매업,20230419,,영업/정상,,,,,,제주특별자치도 제주시 이도이동 ****-*,"제주특별자치도 제주시 연북로 ***, *층 ***호 (이도이동)",63230.0,2023-07-27 02:40:00
황후,방문판매업,20230523,,영업/정상,,,,,,제주특별자치도 제주시 연동 ****-*,"제주특별자치도 제주시 과원북*길 **, ***A호 (연동)",63139.0,2023-05-26 00:20:27
케이지모빌리티 제주판매대리점,방문판매업,20230405,,영업/정상,,,,,,제주특별자치도 제주시 노형동 ****-* 정각빌딩,"제주특별자치도 제주시 도령로 *, 정각빌딩 (노형동)",63098.0,2023-04-07 00:20:23
주식회사 비엘글로벌,방문판매업,20230405,,영업/정상,,,,,,제주특별자치도 제주시 노형동 ***-* 이화오피스텔,"제주특별자치도 제주시 도령로 **, 이화오피스텔 ****호 (노형동)",63081.0,2023-04-07 00:20:23
봄패밀리,방문판매업,20230417,,영업/정상,,,,,,제주특별자치도 제주시 이도이동 ****-*,"제주특별자치도 제주시 광양*길 **, *동 *층 ***호 (이도이동)",63213.0,2024-03-16 02:40:00
코웨이 제주중앙대리점,방문판매업,20240321,,영업/정상,,,,,,제주특별자치도 제주시 건입동 ****,"제주특별자치도 제주시 중앙로 **, *층 (건입동)",63166.0,2024-03-24 00:15:23
아모레 카운셀러,방문판매업,20240509,,영업/정상,,,,,,제주특별자치도 제주시 노형동 ***-* 덕성빌딩,"제주특별자치도 제주시 연북로 **, 덕성빌딩 *층 ***호 (노형동)",63085.0,2024-05-15 00:14:39
아모레카운셀러,방문판매업,20240425,,영업/정상,,,,,,제주특별자치도 제주시 도남동 ***-*,"제주특별자치도 제주시 도남로**길 **, *층 (도남동)",63219.0,2024-04-27 00:14:54
아모레카운셀러,방문판매업,20240422,,영업/정상,,,,,,제주특별자치도 제주시 도남동 ***-*,"제주특별자치도 제주시 도남로**길 **, *층 (도남동)",63219.0,2024-04-24 00:14:57
포근한세상,방문판매업,20240402,,영업/정상,,,,,,제주특별자치도 제주시 일도일동 ****,"제주특별자치도 제주시 신산로 *, *층 (일도일동)",63264.0,2024-04-07 00:15:21
정동코스메틱 카운셀러,방문판매업,20200615,,영업/정상,,,,,,제주특별자치도 제주시 연동 ***번지 *호,"제주특별자치도 제주시 연동**길 *, *층 (연동)",63133.0,2020-06-17 00:23:27
종근당건강 헬스벨스토리 제주오라점,방문판매업,20200420,,영업/정상,,,,,,제주특별자치도 제주시 오라삼동 ****번지,제주특별자치도 제주시 오라로 * (오라삼동),63148.0,2020-04-22 00:23:38
알즈너웰컴,방문판매업,20211005,,영업/정상,,,,20240617.0,,제주특별자치도 제주시 노형동 ***-* 민형파인즈,"제주특별자치도 제주시 진군남*길 *-**, ***동 ***호 (노형동, 민형파인즈)",63092.0,2024-06-22 02:40:00
제주소통투데이,방문판매업,20211130,,영업/정상,,,,,,제주특별자치도 제주시 도남동 **-* 수선화아파트,"제주특별자치도 제주시 도남로 ***, ***동 ***호 (도남동, 수선화아파트)",63221.0,2021-12-02 00:22:43
금산유통,방문판매업,20160418,,영업/정상,,,,,,제주특별자치도 제주시 애월읍 상가리 ****,제주특별자치도 제주시 애월읍 상가북*길 **-*,63036.0,2022-11-03 02:40:00
에코화장품,방문판매업,20230214,,영업/정상,,,,,,제주특별자치도 제주시 노형동 ***-**,"제주특별자치도 제주시 미리내길 ***, ***호 (노형동)",63078.0,2023-02-17 00:41:08
에코제주,방문판매업,20230316,,영업/정상,,,,,,제주특별자치도 제주시 용담일동 ***-** 평화빌라*차,"제주특별자치도 제주시 용남*길 **, ***호 (용담일동, 평화빌라*차)",63174.0,2023-03-19 00:41:21
(주)퀸봄,방문판매업,20240320,,영업/정상,,,,,,제주특별자치도 제주시 이도이동 ****-*,"제주특별자치도 제주시 광양*길 **, *동 *층 ***호 (이도이동)",63213.0,2024-03-23 00:15:25
리뉴로얄,방문판매업,20240306,,영업/정상,,,,,,제주특별자치도 제주시 연동 ***-** 로얄쇼핑센타및오피스텔,"제주특별자치도 제주시 신대로**길 **, 로얄쇼핑센타및오피스텔 *층 **호 (연동)",63124.0,2025-01-09 02:40:00
에스비통신(SB통신),방문판매업,20200723,,영업/정상,,,,,,제주특별자치도 제주시 노형동 ***-* 진원룸,"제주특별자치도 제주시 한라대학로 **, 진원룸 *층 (노형동)",63089.0,2020-07-25 00:23:15
쥬비,방문판매업,20210916,,영업/정상,,,,,,제주특별자치도 제주시 노형동 ***-* 노형 해든빌 타워,"제주특별자치도 제주시 원노형*길 **, 노형 해든빌 타워 ***호 (노형동)",63082.0,2021-09-18 00:22:49
종근당건강 헬스벨스토리 제주일도점,방문판매업,20221124,,영업/정상,,,,,,제주특별자치도 제주시 일도이동 ***-** 이룸해피안,"제주특별자치도 제주시 동광로 **, ***호 (일도이동, 이룸해피안)",63274.0,2022-11-30 00:39:55
제이케이 더블유점,방문판매업,20230103,,영업/정상,,,,,,제주특별자치도 제주시 연동 ***-**,"제주특별자치도 제주시 은남*길 **, *층 B호 (연동)",63123.0,2023-01-07 00:40:32
바비스뷰티,방문판매업,20230103,,영업/정상,,,,,,제주특별자치도 제주시 노형동 ****-*,"제주특별자치도 제주시 노형**길 *, *층 (노형동)",63083.0,2023-01-07 00:40:32
종근당건강 헬스벨스토리 제주이도점,방문판매업,20210526,,영업/정상,,,,,,제주특별자치도 제주시 이도일동 ****-*,"제주특별자치도 제주시 중앙로 ***-*, *층 (이도일동)",63197.0,2021-06-30 02:40:00
맥스베이제주,방문판매업,20210510,,영업/정상,,,,,,제주특별자치도 제주시 노형동 ***-*,"제주특별자치도 제주시 원노형*길 **, *층 (노형동)",63084.0,2021-05-30 02:40:00
르네셀연동점,방문판매업,20130930,,영업/정상,,,,,,제주특별자치도 제주시 연동 ****-*,제주특별자치도 제주시 국기로*길 * (연동),63139.0,2020-07-08 00:23:28
럭셔리우먼341,방문판매업,20200923,,영업/정상,,,,,,제주특별자치도 제주시 도련일동 **** 제주삼화사랑으로부영*차,"제주특별자치도 제주시 화삼로 **, ***동 ***호 (도련일동, 제주삼화사랑으로부영*차)",63323.0,2020-09-27 00:23:11
니아뷰티(NIA Beauty),방문판매업,20201022,,영업/정상,,,,,,제주특별자치도 제주시 도남동 ***-*,"제주특별자치도 제주시 청사로 **, 대림오피스텔 ***호 (도남동)",63219.0,2020-10-24 00:23:10
우리동네힐링샵 제주1호점,방문판매업,20220907,,영업/정상,,,,,,,"제주특별자치도 제주시 용담로**길 **, ***호 (용담이동)",63152.0,2022-09-11 00:22:26
인정상사,방문판매업,20210823,,영업/정상,,,,,,제주특별자치도 제주시 아라이동 ****-*,"제주특별자치도 제주시 승천로 **, *층 (아라이동)",63227.0,2022-11-10 00:22:24
주식회사 코웨이청정케어대리점,방문판매업,20221024,,영업/정상,,,,,,제주특별자치도 제주시 일도이동 ***-* 대명빌딩,"제주특별자치도 제주시 고마로 **, *층 (일도이동)",63252.0,2025-06-26 02:40:00
코웨이초이스대리점,방문판매업,20220930,,영업/정상,,,,,,제주특별자치도 제주시 이도이동 ****-* 휴팰리스,"제주특별자치도 제주시 구남동*길 **, 상가동 *층 ****호 (이도이동, 휴팰리스)",63233.0,2022-10-02 00:22:32
케이유통,방문판매업,20220905,,영업/정상,,,,,,제주특별자치도 제주시 노형동 ***-*,"제주특별자치도 제주시 노연로 **, ***호 (노형동)",63082.0,2022-10-20 02:40:00
제주욕실,방문판매업,20220914,,영업/정상,,,,,,제주특별자치도 제주시 화북이동 ****-* 황사평갤럭시타운,"제주특별자치도 제주시 황사평*길 **, ***동 ***호 (화북이동, 황사평갤럭시타운)",63305.0,2022-09-17 00:22:25
제주마임(일도중부지사),방문판매업,20221020,,영업/정상,,,,,,제주특별자치도 제주시 이도이동 **** 전원파크맨션,"제주특별자치도 제주시 신성로**길 **, ***호 (이도이동, 전원파크맨션)",63206.0,2022-10-26 00:22:24
코웨이커머셜대리점,방문판매업,20220913,,영업/정상,,,,,,제주특별자치도 제주시 노형동 ***,"제주특별자치도 제주시 도령로 **, *층 (노형동)",63081.0,2022-09-23 00:22:25
대우버스 제주판매,방문판매업,20210223,,영업/정상,,,,,,제주특별자치도 제주시 오라이동 ****-* 오라동벽강하이본타워*차,"제주특별자치도 제주시 사평*길 **-*, ***동 ***호 (오라이동, 오라동벽강하이본타워*차)",63145.0,2021-02-25 00:23:01
주식회사 이루다제주,방문판매업,20210305,,영업/정상,,,,,,제주특별자치도 제주시 용담이동 ***-*,제주특별자치도 제주시 용해로 ** (용담이동),63158.0,2022-09-15 02:40:00
주식회사 라이징스타,방문판매업,20250324,,영업/정상,,,,,,제주특별자치도 제주시 오라삼동 ****-* 세계빌딩,"제주특별자치도 제주시 서광로 **, 세계빌딩 *층 (오라삼동)",63148.0,2025-04-02 02:40:00
으뜸유선전문점,방문판매업,20250317,,영업/정상,,,,,,제주특별자치도 제주시 이도이동 ****-*,"제주특별자치도 제주시 신성로**길 **, *층 ***호 (이도이동)",63207.0,2025-03-20 00:10:23
(주) 우리끼리,방문판매업,20250328,,영업/정상,,,,,,제주특별자치도 제주시 한림읍 상대리 ***-*,제주특별자치도 제주시 한림읍 광산로 ***-*,63022.0,2025-04-03 00:10:36
연세우유 제주가정대리점,방문판매업,20250220,,영업/정상,,,,,,제주특별자치도 제주시 이도이동 ****-*,"제주특별자치도 제주시 남광로*길 **-**, 지하층 (이도이동)",63231.0,2025-02-23 00:10:47
서경유통,방문판매업,20220809,,영업/정상,,,,,,,"제주특별자치도 제주시 서문로*길 **, ***호 (용담일동, 용담월드하우스)",63153.0,2022-08-12 00:22:28
현대제주북촌판매대리점,방문판매업,20231211,,영업/정상,,,,,,제주특별자치도 제주시 조천읍 북촌리 ***,제주특별자치도 제주시 조천읍 북촌**길 *,63339.0,2024-07-21 02:40:00
카일라스(구제주점),방문판매업,20150624,,영업/정상,,,,,,제주특별자치도 제주시 이도이동 ****-* 백두빌딩,"제주특별자치도 제주시 중앙로 ***-*, 백두빌딩 *층 (이도이동)",63206.0,2023-02-24 02:40:00
주식회사 신화텔레콤,방문판매업,20220530,,영업/정상,,,,,,제주특별자치도 제주시 외도일동 ***-*,"제주특별자치도 제주시 우정로 **, *층 (외도일동)",63070.0,2022-06-04 00:22:32
리웨이코리아 유한회사,방문판매업,20231115,,영업/정상,,,,,,제주특별자치도 제주시 오라삼동 ****-**,"제주특별자치도 제주시 동성길 *, *층 ***호 (오라삼동)",63149.0,2023-11-18 00:17:17
주식회사 파밍,방문판매업,20231005,,영업/정상,,,,,,제주특별자치도 제주시 이도이동 ****-** 삼미 하이빌,"제주특별자치도 제주시 광양*길 **-*, *층 ***호 (이도이동, 삼미 하이빌)",63213.0,2023-10-08 00:17:45
주식회사 제주클린케어,방문판매업,20231013,,영업/정상,,,,,,제주특별자치도 제주시 한림읍 한림리 ****-*,"제주특별자치도 제주시 한림읍 한림로 ***, *층",63032.0,2024-08-28 02:40:00
태성기획,방문판매업,20231117,,영업/정상,,,,,,제주특별자치도 제주시 도남동 ***-*,"제주특별자치도 제주시 도남로*길 *, 지*층 (도남동)",63200.0,2023-11-22 00:17:07
에스엠탐라,방문판매업,20250109,,영업/정상,,,,,,제주특별자치도 제주시 이도이동 ****-* *층,"제주특별자치도 제주시 신설로*길 **, *층 (이도이동)",63227.0,2025-01-12 00:11:15
하오하오,방문판매업,20241227,,영업/정상,,,,,,제주특별자치도 제주시 이도일동 ****-*,제주특별자치도 제주시 중앙로 *** (이도일동),63197.0,2025-01-01 00:11:33
에치와이 신제주점,방문판매업,20250203,,영업/정상,,,,,,제주특별자치도 제주시 노형동 ****-** *층,"제주특별자치도 제주시 월광로 ***-*, *층 (노형동)",63095.0,2025-02-05 00:10:55
현대제주하귀판매대리점,방문판매업,20241204,,영업/정상,,,,,,제주특별자치도 제주시 애월읍 하귀*리 ***-*,제주특별자치도 제주시 애월읍 일주서로 ****,63053.0,2024-12-08 00:11:52
주식회사 다온챗,방문판매업,20241128,,영업/정상,,,,,,제주특별자치도 제주시 이도이동 ****-* 탐라빌딩 *층 ***호,"제주특별자치도 제주시 중앙로 ***, 탐라빌딩 *층 ***호 (이도이동)",63206.0,2024-12-07 02:40:00
주식회사 백일식품,방문판매업,20151026,,휴업,,20190101.0,20200630.0,,,,"제주특별자치도 제주시 아봉로 **, *층 (아라일동, 승라빌딩)",63247.0,2020-03-05 02:40:00
로터스엠농업법인주식회사,방문판매업,20190925,,휴업,,20200413.0,20210413.0,,,제주특별자치도 제주시 애월읍 납읍리 ****번지 *호,제주특별자치도 제주시 애월읍 납읍남로*길 **,63035.0,2020-04-16 02:40:00
연황무역주식회사,방문판매업,20190925,,휴업,,20200413.0,20210413.0,,,제주특별자치도 제주시 일도이동 ***번지 **호 일도 주원라비앙,"제주특별자치도 제주시 고마로 **, ***호 (일도이동, 일도 주원라비앙)",63253.0,2020-04-16 02:40:00
삼성의료기,방문판매업,20240119,,휴업,,20240207.0,20240830.0,,,제주특별자치도 제주시 이도일동 ****-*,"제주특별자치도 제주시 중앙로 **, *층 (이도일동)",63192.0,2024-02-09 02:40:00
제주마임 (일도중부지사),방문판매업,20190121,,폐업,20221017.0,,,,,제주특별자치도 제주시 이도이동 ****번지 전원파크맨션 ***호,"제주특별자치도 제주시 신성로**길 **, ***호 (이도이동, 전원파크맨션)",63206.0,2022-10-20 02:40:00
삼성영어학원연동점,방문판매업,20190617,,폐업,20200413.0,,,,,제주특별자치도 제주시 연동 ****번지 *호 정안주택,"제주특별자치도 제주시 연화중길 *-*, 정안주택 (연동)",63140.0,2020-04-16 02:40:00
삼성의료기,방문판매업,20230614,,폐업,20231221.0,,,,,제주특별자치도 제주시 이도일동 ****-*,"제주특별자치도 제주시 중앙로 **, *층 (이도일동)",63192.0,2023-12-23 02:40:00
인앤인,방문판매업,20200803,,폐업,20230302.0,,,,,제주특별자치도 제주시 연동 ***-** 신동부 삼무하이빌,"제주특별자치도 제주시 삼무로 **, ***호 (연동, 신동부 삼무하이빌)",63125.0,2023-03-05 02:40:00
기가텔레콤(GiGA telecom),방문판매업,20190607,,폐업,20191223.0,,,,,제주특별자치도 제주시 아라일동 ****번지 *호 ***호,"제주특별자치도 제주시 중앙로 ***, ***호 (아라일동)",63248.0,2019-12-25 02:40:00
와이유,방문판매업,20190724,,폐업,20200117.0,,,,,제주특별자치도 제주시 연동 ***번지 *호 ***호,"제주특별자치도 제주시 문송*길 *, ***호 (연동)",63122.0,2020-01-22 02:40:00
그린나무,방문판매업,20190724,,폐업,20200117.0,,,,,제주특별자치도 제주시 도남동 **번지 **호 아름주택 ***호,"제주특별자치도 제주시 도남로**길 **-*, ***호 (도남동, 아름주택)",63204.0,2020-01-19 02:40:00
아림,방문판매업,20190927,,폐업,20200512.0,,,,,제주특별자치도 제주시 용담삼동 ****번지,제주특별자치도 제주시 서해안로 ***-* (용담삼동),63114.0,2020-05-16 02:40:00
정후정보통신,방문판매업,20190923,,폐업,20230731.0,,,,,제주특별자치도 제주시 아라이동 ****번지 *호,제주특별자치도 제주시 아봉로 *-* (아라이동),63246.0,2023-08-02 02:40:00
시엠에스,방문판매업,20190917,,폐업,20200414.0,,,,,제주특별자치도 제주시 연동 ***번지 **호,"제주특별자치도 제주시 제원길 **, 에코퓨리 *층 ***호 (연동)",63129.0,2020-04-16 02:40:00
주름펴는손피부앤바디,방문판매업,20190730,,폐업,20201104.0,,,,,제주특별자치도 제주시 이도일동 ****번지 *호 광양미화연립주택 ***호,"제주특별자치도 제주시 서광로**길 **, ***호 (이도일동, 광양미화연립주택)",63198.0,2020-11-07 02:40:00
신로하스,방문판매업,20220412,,폐업,20240507.0,,,,,제주특별자치도 제주시 일도일동 ****,"제주특별자치도 제주시 신산로 *, *층 (일도일동)",63264.0,2024-05-10 02:40:00
SLT프라임제주상사,방문판매업,20070813,,폐업,20080121.0,,,,,제주특별자치도 제주시 도남동 ***번지,제주특별자치도 제주시 신성로*길 ** (도남동),,2018-08-31 23:59:59
KT-TOP,방문판매업,20070822,,폐업,20111228.0,,,,,제주특별자치도 제주시 이도일동 ****번지 *호,제주특별자치도 제주시 전농로 *** (이도일동),,2018-08-31 23:59:59
마임삼도북부지사,방문판매업,20110429,,폐업,20130801.0,,,,,제주특별자치도 제주시 삼도이동 ***번지 *호 *층,"제주특별자치도 제주시 남성로 ***, *층 (삼도이동)",,2018-08-31 23:59:59
막썰어,방문판매업,20100809,,폐업,20130125.0,,,,,제주특별자치도 제주시 애월읍 하귀*리 ****번지,,,2018-08-31 23:59:59
윤선생영어숲외도학원,방문판매업,20100910,,폐업,20140702.0,,,,,제주특별자치도 제주시 외도일동 ***번지 *호 장원빌딩 가동 ***호,제주특별자치도 제주시 우정로**길 * (외도일동),,2018-08-31 23:59:59
천년약속결혼상담소,방문판매업,20101104,,폐업,20170401.0,,,,,제주특별자치도 제주시 구좌읍 세화리 ****번지 *호,제주특별자치도 제주시 구좌읍 세화*길 **-**,63361.0,2018-08-31 23:59:59
삼복결혼정보,방문판매업,20101115,,폐업,20161108.0,,,,,제주특별자치도 제주시 조천읍 조천리 ****번지 **호,제주특별자치도 제주시 조천읍 일주동로 ***-**,63335.0,2018-08-31 23:59:59
두리,방문판매업,20101202,,폐업,20220125.0,,,,,제주특별자치도 제주시 삼양이동 ****번지 **호,제주특별자치도 제주시 설촌로**길 *-* (삼양이동),63319.0,2022-01-27 02:40:00
윤선생영어교실영어숲도남어학원,방문판매업,20110221,,폐업,20121116.0,,,,,제주특별자치도 제주시 도남동 **번지 *층,"제주특별자치도 제주시 도남로*길 * (도남동,*층)",,2018-08-31 23:59:59
제주대리점(킨낙스),방문판매업,20110223,,폐업,20110603.0,,,,,제주특별자치도 제주시 일도*동 ****번지 *호,제주특별자치도 제주시 신산로 **-* (일도이동),,2018-08-31 23:59:59
웨드하나로,방문판매업,20110304,,폐업,20110901.0,,,,,제주특별자치도 제주시 이도*동 ****번지 *호,제주특별자치도 제주시 중앙로 *** (이도일동),,2018-08-31 23:59:59
국제장가보내기운동본부,방문판매업,20110331,,폐업,20160829.0,,,,,제주특별자치도 제주시 애월읍 하귀*리 ***번지,제주특별자치도 제주시 애월읍 일주서로 ****-*,63053.0,2018-08-31 23:59:59
녹십초알로에,방문판매업,20041019,,폐업,20120125.0,,,,,제주시 연동 ***-*,,,2018-08-31 23:59:59
아모레연동특약점,방문판매업,20041026,,폐업,20131011.0,,,,,제주특별자치도 제주시 연동 ***번지 **호 *층,"제주특별자치도 제주시 신광로 ** (연동,*층)",,2018-08-31 23:59:59
아모레제주특약점,방문판매업,20041102,,폐업,20131029.0,,,,,제주특별자치도 제주시 이도이동 ****번지 *호 *층,"제주특별자치도 제주시 연삼로 *** (이도이동,*층)",,2018-08-31 23:59:59
로하스한농,방문판매업,20090526,,폐업,20091105.0,,,,,제주특별자치도 제주시 외도일동 ***번지 *호 (*층),"제주특별자치도 제주시 우정로**길 ** (외도일동,(*층))",,2018-08-31 23:59:59
아쿠아그린텍 (주),방문판매업,20090619,,폐업,20110616.0,,,,,제주특별자치도 제주시 아라일동 *번지 제주바이오센터 ***,,,2018-08-31 23:59:59
예가숯가,방문판매업,20090629,,폐업,20101116.0,,,,,제주특별자치도 제주시 일도*동 ***번지 **호,제주특별자치도 제주시 고마로 ** (일도이동),,2018-08-31 23:59:59
아이티미디어,방문판매업,20090707,,폐업,20090904.0,,,,,제주특별자치도 제주시 연동 ****번지 *호,제주특별자치도 제주시 과원로 **-* (연동),,2018-08-31 23:59:59
케이티엔제주,방문판매업,20090727,,폐업,20120831.0,,,,,제주특별자치도 제주시 이도일동 ****번지 *호 KT *층,"제주특별자치도 제주시 전농로 *** (이도일동,KT *층)",,2018-08-31 23:59:59
휴먼밸런스이레,방문판매업,20060515,,폐업,20090408.0,,,,,제주특별자치도 제주시 연동 ***번지 **호 ***호,"제주특별자치도 제주시 신대로 ***, ***호 (연동)",,2018-08-31 23:59:59
㈜바이오벨류,방문판매업,20061214,,폐업,20070530.0,,,,,제주시 아라 *동 산 * 제주대학교 아열대 원예센타 ***호,,,2018-08-31 23:59:59
주식회사 114  전화정보,방문판매업,20080326,,폐업,20110118.0,,,,,제주특별자치도 제주시 이도일동 ****번지 **호,제주특별자치도 제주시 광양*길 ** (이도일동),,2018-08-31 23:59:59
백록특약점,방문판매업,20110316,,폐업,20130801.0,,,,,제주특별자치도 제주시 이도*동 ****번지 **호 화신빌딩 *층,"제주특별자치도 제주시 서광로 *** (이도이동,화신빌딩 *층)",,2018-08-31 23:59:59
킨낙스(제주총판),방문판매업,20110603,,폐업,20130501.0,,,,,제주특별자치도 제주시 일도*동 ****번지 *호  *층,"제주특별자치도 제주시 신산로 **-* (일도이동,*층)",,2018-08-31 23:59:59
리엔케이이도대리점,방문판매업,20110613,,폐업,20130819.0,,,,,제주특별자치도 제주시 이도*동 ****번지 **호   *층동,"제주특별자치도 제주시 신설로*길 **, *층동 (이도이동)",,2018-08-31 23:59:59
시크릿허브제주도본부,방문판매업,20110622,,폐업,20110705.0,,,,,제주특별자치도 제주시 외도일동 ***번지 *호 **통 *반 외도*차 부영아파트 ***동 ***호,"제주특별자치도 제주시 우평로 ***, ***동 ***층 (외도일동)",,2018-08-31 23:59:59
비비엔에스(주)제주영업소,방문판매업,20110627,,폐업,20111216.0,,,,,제주특별자치도 제주시 연동 ***번지 *호 승우빌딩 *층,"제주특별자치도 제주시 삼무로 ** (연동,승우빌딩 *층)",,2018-08-31 23:59:59
시크릿허브제주도본부,방문판매업,20110705,,폐업,20130222.0,,,,,제주특별자치도 제주시 노형동 ****번지 J하우스 *층,"제주특별자치도 제주시 진군남*길 *, ***호 (노형동, 제이하우스지하*층)",,2018-08-31 23:59:59
특이한 효소,방문판매업,20110829,,폐업,20150224.0,,,,,제주특별자치도 제주시 도두*동 ***번지 남양빌라 가동 ***호,"제주특별자치도 제주시 신성마을*길 **, 가동 ***호 (도두이동,남양빌라)",,2018-08-31 23:59:59
제주마임 (일도중부지사),방문판매업,20110829,,폐업,20130801.0,,,,,제주특별자치도 제주시 일도*동 ***번지 *호 형제빌딩 *층,"제주특별자치도 제주시 고마로 ** (일도이동,형제빌딩 *층)",,2018-08-31 23:59:59
빅토리(승리),방문판매업,20110902,,폐업,20150120.0,,,,,제주특별자치도 제주시 일도이동 ***번지 **호 **통 *반 대원상록수아파트 ***호,"제주특별자치도 제주시 고마로*길 **, ***호 (일도이동,대원상록수아파트)",,2018-08-31 23:59:59
대우버스제주판매 주식회사,방문판매업,20110906,,폐업,20200729.0,,,,,제주특별자치도 제주시 노형동 ****번지 **호,"제주특별자치도 제주시 월랑북길 **, *층 (노형동)",63095.0,2020-07-31 02:40:00
제주지사예은화장품,방문판매업,20120717,,폐업,20130705.0,,,,,제주특별자치도 제주시 삼도*동 ***번지 **호 *층,"제주특별자치도 제주시 서광로 ***, *층 (삼도일동)",,2018-08-31 23:59:59
오휘제주지사,방문판매업,20051004,,폐업,20130630.0,,,,,제주시 이도 *동 ****-*법동빌딩 *층,,,2018-08-31 23:59:59
포원정보통신㈜,방문판매업,20051115,,폐업,20131017.0,,,,,제주특별자치도 제주시 연동 ****번지,제주특별자치도 제주시 국기로*길 ** (연동),,2018-08-31 23:59:59
롯데생활건강,방문판매업,20051209,,폐업,20080627.0,,,,,제주특별자치도 제주시 연동 ***번지 *호,제주특별자치도 제주시 신대로 *** (연동),,2018-08-31 23:59:59
한국글렌도만제주,방문판매업,20051221,,폐업,20111103.0,,,,,제주특별자치도 제주시 삼도이동 ***번지 *호 글렌도만빌딩 *층,"제주특별자치도 제주시 서사로 ** (삼도이동,글렌도만빌딩 *층)",,2018-08-31 23:59:59
(주)윤선생영어숲 도남점,방문판매업,20091215,,폐업,20121220.0,,,,,제주특별자치도 제주시 도남동 **번지 *층,"제주특별자치도 제주시 도남로*길 * (도남동,*층)",,2018-08-31 23:59:59
대우자동차동부영업소,방문판매업,20061112,,폐업,20090101.0,,,,,제주특별자치도 제주시 삼도일동 ***번지 *호,제주특별자치도 제주시 서사로 ** (삼도일동),,2018-08-31 23:59:59
㈜윤선생제주교육,방문판매업,19961212,,폐업,20180108.0,,,,,,"제주특별자치도 제주시 동광로 ***, *층 (일도이동)",63275.0,2018-08-31 23:59:59
제주명품홈쇼핑,방문판매업,20081030,,폐업,20091022.0,,,,,제주특별자치도 제주시 연동 ***번지 *호,제주특별자치도 제주시 삼무로 ** (연동),,2018-08-31 23:59:59
뉴제주명품,방문판매업,20081210,,폐업,20121212.0,,,,,제주특별자치도 제주시 삼도일동 ***번지 **호,제주특별자치도 제주시 서광로 ***-* (삼도일동),,2018-08-31 23:59:59
(주)부일텔레콤,방문판매업,20081212,,폐업,20100415.0,,,,,제주특별자치도 제주시 노형동 ****번지 *호,제주특별자치도 제주시 월랑로 ** (노형동),,2018-08-31 23:59:59
로제트,방문판매업,20081226,,폐업,20100322.0,,,,,제주특별자치도 제주시 이도*동 ****번지 **호 *층,"제주특별자치도 제주시 중앙로 *** (이도일동,*층)",,2018-08-31 23:59:59
제주비젼마임,방문판매업,20090105,,폐업,20180607.0,,,,,제주특별자치도 제주시 한림읍 한림리 ****번지 *호 한림중앙상가***,"제주특별자치도 제주시 한림읍 한림북동길 *, ***호 (한림중앙상가 )",63031.0,2018-08-31 23:59:59
거상,방문판매업,20090115,,폐업,20110121.0,,,,,제주특별자치도 제주시 이도이동 ****번지 **호 한라빌라 ***호,"제주특별자치도 제주시 오복*길 **-*, ***호 (이도이동,한라빌라)",,2018-08-31 23:59:59
다나상사,방문판매업,20090115,,폐업,20100401.0,,,,,제주특별자치도 제주시 이도이동 ****번지 *호 ***호,"제주특별자치도 제주시 광양**길 **, ***호 (이도이동)",,2018-08-31 23:59:59
금강디지털보청기,방문판매업,20090212,,폐업,20151019.0,,,,,제주특별자치도 제주시 연동 ***번지 **호,"제주특별자치도 제주시 삼무로 ** (연동, 삼주빌딩)",63129.0,2018-08-31 23:59:59
87 상사,방문판매업,20090317,,폐업,20150316.0,,,,,제주특별자치도 제주시 이도*동 ****번지 *호,제주특별자치도 제주시 가령로 ** (이도이동),,2018-08-31 23:59:59
제주마임 삼화지사,방문판매업,20090324,,폐업,20130801.0,,,,,제주특별자치도 제주시 일도*동 ***번지 *호 형제빌딩 *층,"제주특별자치도 제주시 고마로 ** (일도이동,형제빌딩 *층)",,2018-08-31 23:59:59
한경오토바이,방문판매업,20080313,,폐업,20100118.0,,,,,제주특별자치도 제주시 한경면 고산리 ****번지,제주특별자치도 제주시 한경면 고락로 *,,2018-08-31 23:59:59
실버텍제주지사,방문판매업,20080515,,폐업,20130603.0,,,,,제주특별자치도 제주시 연동 ***번지 **호 ***호,"제주특별자치도 제주시 연동**길 *, ***호 (연동)",,2018-08-31 23:59:59
주식회사 아이이디에스,방문판매업,20080616,,폐업,20100831.0,,,,,제주특별자치도 제주시 한림읍 대림리 ***번지 *호,제주특별자치도 제주시 한림읍 대림하동길 **-*,,2018-08-31 23:59:59
제주구아바영농법인,방문판매업,20080619,,폐업,20131024.0,,,,,제주특별자치도 제주시 애월읍 신엄리 ***번지,제주특별자치도 제주시 애월읍 중용길 *,,2018-08-31 23:59:59
제주마임남부지사,방문판매업,20080729,,폐업,20130807.0,,,,,제주특별자치도 제주시 일도이동 ***번지 *호 형제빌딩 *층,"제주특별자치도 제주시 고마로 ** (일도이동,형제빌딩 *층)",,2018-08-31 23:59:59
(주)범영테크,방문판매업,20091231,,폐업,20140204.0,,,,,제주특별자치도 제주시 이도이동 ***번지 *호,제주특별자치도 제주시 청귤로*길 ** (이도이동),,2018-08-31 23:59:59
티엠파워주식회사,방문판매업,20100119,,폐업,20110627.0,,,,,제주특별자치도 제주시 연동 ***번지 *호 승우빌딩*층,"제주특별자치도 제주시 삼무로 ** (연동,승우빌딩*층)",,2018-08-31 23:59:59
마임제주동부지사,방문판매업,20100218,,폐업,20130901.0,,,,,제주특별자치도 제주시 일도이동 ***번지 *호 **통 *반 대유대림아파트아파트상가 ***,"제주특별자치도 남광로 ***, ***호 (대유대림아파트)",,2018-08-31 23:59:59
KT&J,방문판매업,20100325,,폐업,20101209.0,,,,,제주특별자치도 제주시 건입동 ****번지 *호,제주특별자치도 제주시 동문로**길 *-* (건입동),,2018-08-31 23:59:59
영진광고,방문판매업,20100402,,폐업,20100426.0,,,,,제주특별자치도 제주시 화북일동 ****번지 **호,제주특별자치도 제주시 진동로*길 ** (화북일동),,2018-08-31 23:59:59
㈜제주풀무원제주영업소,방문판매업,19960831,,폐업,20070705.0,,,,,제주특별자치도 제주시 연동 ***번지 **호,제주특별자치도 제주시 귀아랑*길 * (연동),,2018-08-31 23:59:59
씨에스리테일 제주점,방문판매업,20120316,,폐업,20170119.0,,,,,제주특별자치도 제주시 연동 ****번지 *호 ***호,"제주특별자치도 제주시 국기로*길 * (연동,***호)",,2018-08-31 23:59:59
한국글렌도만 제주지사,방문판매업,20120504,,폐업,20170720.0,,,,,제주특별자치도 제주시 노형동 ****번지 *호,제주특별자치도 제주시 다랑곶길 ** (노형동),63098.0,2018-08-31 23:59:59
한라물산,방문판매업,20120516,,폐업,20130501.0,,,,,제주특별자치도 제주시 이도*동 ****번지 **호,"제주특별자치도 제주시 중앙로 ***, *층 (이도일동)",,2018-08-31 23:59:59
한수풀건강식품,방문판매업,20120517,,폐업,20161103.0,,,,,제주특별자치도 제주시 한림읍 수원리 ***번지 *호,제주특별자치도 제주시 한림읍 수원*길 **,63023.0,2018-08-31 23:59:59
에스앤피 글로벌,방문판매업,20120523,,폐업,20130801.0,,,,,제주특별자치도 제주시 이도이동,"제주특별자치도 제주시 남광로 **, ***동 ***호 (이도이동, 혜성무지개타운)",,2018-08-31 23:59:59
포근한세상,방문판매업,20111031,,폐업,20131227.0,,,,,제주특별자치도 제주시 용담일동 ***번지 *호 지하,"제주특별자치도 제주시 용담로 ***, 지하층 (용담일동)",,2018-08-31 23:59:59
"제주지사예은화장품, 예은피부관리",방문판매업,20121011,,폐업,20121210.0,,,,,제주특별자치도 제주시 삼도*동 ***번지 **호 *층,"제주특별자치도 제주시 서광로 *** (삼도일동,*층)",,2018-08-31 23:59:59
르네셀제주,방문판매업,20131127,,폐업,20181127.0,,,,,제주특별자치도 제주시 화북일동 ****번지 **호 화북백록연립 ***호,"제주특별자치도 제주시 청풍길 *, ***호 (화북일동, 화북백록연립)",63290.0,2018-11-29 02:40:00
웰빙 홀쇼핑,방문판매업,20131202,,폐업,20141022.0,,,,,,"제주특별자치도 제주시 신대로**길 **-**, *층 (연동, 로얄쇼핑센터및오피스텔)",,2018-08-31 23:59:59
(주)쎄븐투어,방문판매업,20131206,,폐업,20151207.0,,,,,,"제주특별자치도 제주시 노형로 ***, *층 (노형동)",63102.0,2018-08-31 23:59:59
메리화,방문판매업,20140113,,폐업,20140822.0,,,,,,"제주특별자치도 제주시 서사로*길 **, ***호 (삼도일동)",,2018-08-31 23:59:59
(주)윤선생영어교실 신제주센터,방문판매업,20140113,,폐업,20161231.0,,,,,,제주특별자치도 제주시 남녕로*길 * (연동),63128.0,2018-08-31 23:59:59
뉴톤보청기,방문판매업,20171128,,폐업,20200511.0,,,,,제주특별자치도 제주시 노형동 ***번지 *호 연동타운 *층,"제주특별자치도 제주시 연북로 **, *층 (노형동, 연동타운)",63085.0,2020-05-16 02:40:00
윤선생제주영어교실,방문판매업,20180108,,폐업,20180530.0,,,,,제주특별자치도 제주시 일도이동 ***번지 **호 *층,"제주특별자치도 제주시 동광로 ***, *층 (일도이동)",63275.0,2018-08-31 23:59:59
주식회사 제주채널,방문판매업,20180115,,폐업,20191218.0,,,,,제주특별자치도 제주시 오라삼동 ****번지 JIBS,"제주특별자치도 제주시 연삼로 **, JIBS (오라삼동)",63148.0,2019-12-21 02:40:00
장례토탈서비스 예당,방문판매업,20121121,,폐업,20140124.0,,,,,,"제주특별자치도 제주시 용문로 ***, *층 (용담이동)",,2018-08-31 23:59:59
만인칡칼국수,방문판매업,20121127,,폐업,20150909.0,,,,,,제주특별자치도 제주시 선사로*길 ** (삼양일동),,2018-08-31 23:59:59
마임 노형서부지사,방문판매업,20121206,,폐업,20130801.0,,,,,,"제주특별자치도 제주시 일주서로 ****, *층 (연동)",,2018-08-31 23:59:59
제주건강생활,방문판매업,20121217,,폐업,20130801.0,,,,,,"제주특별자치도 제주시 신대로 **, ***동 ***호 (연동)",,2018-08-31 23:59:59
에이엔비,방문판매업,20130125,,폐업,20140205.0,,,,,,제주특별자치도 제주시 신산로*길 ** (일도일동),,2018-08-31 23:59:59
해피제주,방문판매업,20130207,,폐업,20130807.0,,,,,,제주특별자치도 제주시 도령로 ** (노형동),,2018-08-31 23:59:59
진선미듀티프리,방문판매업,20130322,,폐업,20150227.0,,,,,,제주특별자치도 제주시 연신로 ** (이도이동),,2018-08-31 23:59:59
넥스트컴퓨터,방문판매업,20080829,,폐업,20171227.0,,,,,제주특별자치도 제주시 이도이동 ****번지 정원파크 상가동 ***호,"제주특별자치도 제주시 신성로**길 **, 상가동 ***호 (이도이동, 전원파크맨션)",63206.0,2018-08-31 23:59:59
신인상사,방문판매업,20080910,,폐업,20100610.0,,,,,제주특별자치도 제주시 이도*동 ****번지 *호 *층,"제주특별자치도 제주시 오현길 ** (이도일동,*층)",,2018-08-31 23:59:59
해피월드,방문판매업,20080907,,폐업,20100628.0,,,,,제주특별자치도 제주시 이도일동 ****번지 **호 보성상가 *층,,,2018-08-31 23:59:59
이롬황성주생식일도지점,방문판매업,20031216,,폐업,20080612.0,,,,,제주특별자치도 제주시 이도이동 ***번지 *호,제주특별자치도 제주시 청귤로*길 ** (이도이동),,2018-08-31 23:59:59
영어숲윤선생영어교실어학원,방문판매업,19970214,,폐업,20131231.0,,,,,제주특별자치도 제주시 삼도일동 ***번지 **호 *층,"제주특별자치도 제주시 서광로 *** (삼도일동,*층)",,2018-08-31 23:59:59
성보환경,방문판매업,19970117,,폐업,20080616.0,,,,,제주특별자치도 제주시 노형동 ****번지 *호 세기*차APT ***호,,,2018-08-31 23:59:59
대한씨앤티주식회사,방문판매업,20060508,,폐업,20120222.0,,,,,제주특별자치도 제주시 이도이동 ***번지 평화빌딩 *층,"제주특별자치도 제주시 정든로*길 * (이도이동,평화빌딩 *층)",,2018-08-31 23:59:59
드림라이프,방문판매업,20070126,,폐업,20070702.0,,,,,제주시 삼도 *동 ***-**,,,2018-08-31 23:59:59
이맥스,방문판매업,20070308,,폐업,20070723.0,,,,,제주시 일도*동****-*,,,2018-08-31 23:59:59
이롬라이프,방문판매업,20070320,,폐업,20181001.0,,,,,제주시 용담*동***-*,제주특별자치도 제주시 용담로*길 ** (용담삼동),63151.0,2018-10-03 02:36:30
내츄럴헬스코리아,방문판매업,20070327,,폐업,20080125.0,,,,,제주시 용담*동***-*,,,2018-08-31 23:59:59
삼다원,방문판매업,20070402,,폐업,20101214.0,,,,,제주시 제주시일도*동****-**,,,2018-08-31 23:59:59
뉴스킨엔터프라이즈,방문판매업,20070418,,폐업,20070710.0,,,,,제주특별자치도 제주시 연동 ***번지 *호,제주특별자치도 제주시 아연로 ** (연동),,2018-08-31 23:59:59
건강식품,방문판매업,20070601,,폐업,20071011.0,,,,,제주특별자치도 제주시 도남동 ***번지 도남*차이편한세상아파트 ***동 ***호,"제주특별자치도 제주시 오남로 *-**, ***동 ***호 (도남동,도남*차이편한세상아파트)",,2018-08-31 23:59:59
알칼리환원수워터랜드,방문판매업,20070605,,폐업,20080430.0,,,,,제주특별자치도 제주시 노형동 ****번지 *호,제주특별자치도 제주시 달마루길 **-* (노형동),,2018-08-31 23:59:59
천지식품,방문판매업,20070627,,폐업,20080604.0,,,,,제주특별자치도 제주시 연동 ***번지 ***호,제주특별자치도 제주시 비월*길 ** (연동),,2018-08-31 23:59:59
코로시이쁘제,방문판매업,20070523,,폐업,20100121.0,,,,,제주특별자치도 제주시 연동 ***번지 **호,제주특별자치도 제주시 연동*길 ** (연동),,2018-08-31 23:59:59
건국유업동제주점,방문판매업,20180123,,폐업,20180605.0,,,,,제주특별자치도 제주시 이도이동 ***번지 *호,제주특별자치도 제주시 가령로 ** (이도이동),63216.0,2018-08-31 23:59:59
외도휴대폰할인매장,방문판매업,20180319,,폐업,20180403.0,,,,,제주특별자치도 제주시 외도일동 ***번지 *호 가온체리티아파트 ***호,"제주특별자치도 제주시 우정로 **, *층 ***호 (외도일동, 가온체리티아파트)",63070.0,2018-08-31 23:59:59
휘슬러상사,방문판매업,20180323,,폐업,20190304.0,,,,,제주특별자치도 제주시 오라이동 ****번지 루온토빌리지 ***동 ***호,"제주특별자치도 제주시 연북로 ***, ***동 ***호 (오라이동, 루온토빌리지)",63147.0,2019-03-06 02:40:00
제주소방안전,방문판매업,20040528,,폐업,20080131.0,,,,,제주시 일도 *동 ***-**,,,2018-08-31 23:59:59
㈜윤선생영어교육,방문판매업,20040818,,폐업,20140112.0,,,,,제주특별자치도 제주시 연동 ****번지 **호 *층 *호,"제주특별자치도 제주시 남녕로*길 *, *층 *호 (연동)",,2018-08-31 23:59:59
우정상사,방문판매업,19971216,,폐업,20090115.0,,,,,제주시 용담 *동 ***-*,,,2018-08-31 23:59:59
한결(H&S)유통,방문판매업,20130503,,폐업,20140320.0,,,,,,제주특별자치도 제주시 탑동로**길 * (삼도이동),,2018-08-31 23:59:59
웰빙플러스21,방문판매업,20130516,,폐업,20140828.0,,,,,,"제주특별자치도 제주시 중앙로**길 **-*, *층 (일도일동)",,2018-08-31 23:59:59
메가플러스학원,방문판매업,20130723,,폐업,20150710.0,,,,,,"제주특별자치도 제주시 월랑로 **, *층 (노형동)",63100.0,2018-08-31 23:59:59
제주특산품,방문판매업,20130726,,폐업,20131021.0,,,,,,제주특별자치도 제주시 동문로 **-* (건입동),,2018-08-31 23:59:59
오르다코리아제주지사,방문판매업,20040128,,폐업,20200413.0,,,,,제주특별자치도 제주시 연동 ****번지 *호,제주특별자치도 제주시 연화로*길 ** (연동),63140.0,2020-04-16 02:40:00
마임제주동부지사,방문판매업,20130904,,폐업,20140613.0,,,,,,"제주특별자치도 제주시 남광로 ***, ***호 (일도이동, 대유대림아파트)",,2018-08-31 23:59:59
르네세코리아(주),방문판매업,20130926,,폐업,20131108.0,,,,,,제주특별자치도 제주시 우정로 ** (외도일동),,2018-08-31 23:59:59
나르지오제주지점,방문판매업,20131106,,폐업,20150121.0,,,,,,제주특별자치도 제주시 연삼로 *** (이도이동),,2018-08-31 23:59:59
(주)한국지엠쉐보레제주선진,방문판매업,20131108,,폐업,20181017.0,,,,,제주특별자치도 제주시 노형동 ****번지 *호 사라빌딩,"제주특별자치도 제주시 노형로 ***, 사라빌딩 (노형동)",63099.0,2018-10-19 02:37:31
동양정보기술주식회사,방문판매업,20131112,,폐업,20220628.0,,,,,제주특별자치도 제주시 삼도일동 ***번지 **호,제주특별자치도 제주시 서사로**길 ** (삼도일동),63185.0,2022-07-06 02:40:00
웰빙플러스,방문판매업,20131127,,폐업,20140701.0,,,,,,제주특별자치도 제주시 평전*길 * (삼도일동),,2018-08-31 23:59:59
한울텔레콤,방문판매업,20070822,,폐업,20120727.0,,,,,제주특별자치도 제주시 이도이동 ****번지 *호,제주특별자치도 제주시 오복*길 ** (이도이동),,2018-08-31 23:59:59
KTC,방문판매업,20070824,,폐업,20130102.0,,,,,제주특별자치도 제주시 이도일동 ****번지 *호 *층,"제주특별자치도 제주시 전농로 *** (이도일동,*층)",,2018-08-31 23:59:59
KTT,방문판매업,20070824,,폐업,20100325.0,,,,,제주특별자치도 제주시 이도일동 ****번지 *호 *층,"제주특별자치도 제주시 전농로 *** (이도일동,*층)",,2018-08-31 23:59:59
오휘화장품,방문판매업,20070910,,폐업,20080110.0,,,,,제주특별자치도 제주시 이도이동 ****번지 *호 법동빌딩 *층,"제주특별자치도 제주시 남광북*길 ** (이도이동,법동빌딩 *층)",,2018-08-31 23:59:59
청정제주,방문판매업,20060323,,폐업,20101111.0,,,,,제주시 노형동 ****-*,,,2018-08-31 23:59:59
방방,방문판매업,20060331,,폐업,20071203.0,,,,,제주시 오라 *동 ****-*,제주특별자치도 제주시 서광로*길 * (오라일동),,2018-08-31 23:59:59
남양유업 중부대리점,방문판매업,20170621,,폐업,20200128.0,,,,,제주특별자치도 제주시 이도이동 ****번지 *호,"제주특별자치도 제주시 구남동*길 *-*, *층 (이도이동)",63232.0,2020-01-31 02:40:00
성불,방문판매업,20170824,,폐업,20190329.0,,,,,제주특별자치도 제주시 일도일동 ****번지,제주특별자치도 제주시 신산로 * (일도일동),63264.0,2019-05-15 02:40:00
미래정보통신,방문판매업,20170829,,폐업,20220429.0,,,,,제주특별자치도 제주시 일도이동 ****-**,"제주특별자치도 제주시 신산로 **, *층 (일도이동)",63265.0,2022-05-05 02:40:00
주식회사 오션씨앤티,방문판매업,20170911,,폐업,20180816.0,,,,,제주특별자치도 제주시 용담이동 ***번지 **호,제주특별자치도 제주시 용화로 ** (용담이동),63156.0,2018-08-31 23:59:59
(주)알로에마임제주서부지사,방문판매업,20020808,,폐업,20071019.0,,,,,제주특별자치도 제주시 연동 ***번지 **호 수영빌딩 *층,"제주특별자치도 제주시 노연로 ***-* (연동,수영빌딩 *층)",,2018-08-31 23:59:59
주식회사 제이 에스 텔레콤,방문판매업,20170123,,폐업,20220630.0,,,,,제주특별자치도 제주시 일도이동 ***번지 *호,제주특별자치도 제주시 동광로 *** (일도이동),63275.0,2022-07-06 02:40:00
주식회사 이앤티 (E&T) 제주,방문판매업,20170126,,폐업,20180608.0,,,,,제주특별자치도 제주시 이도이동 ****번지 *호,제주특별자치도 제주시 중앙로 *** (이도이동),63209.0,2018-08-31 23:59:59
드림아이티,방문판매업,20170403,,폐업,20221021.0,,,,,제주특별자치도 제주시 도남동 **번지 *호,"제주특별자치도 제주시 연삼로 ***, *층 (도남동)",63221.0,2022-10-26 02:40:00
부부결혼정보사,방문판매업,20170419,,폐업,20200526.0,,,,,제주특별자치도 제주시 구좌읍 세화리 ****번지 *호,제주특별자치도 제주시 구좌읍 세화*길 **-**,63361.0,2020-05-28 02:40:00
기아자동차삼다판매점,방문판매업,19990929,,폐업,20070703.0,,,,,제주특별자치도 제주시 연동 ***번지 **호,,,2018-08-31 23:59:59
기아자동차한라대리점,방문판매업,19991013,,폐업,20240111.0,,,,,제주특별자치도 제주시 오라이동 ****번지,"제주특별자치도 제주시 연삼로 *** (오라이동, 광은빌딩)",63148.0,2024-01-14 02:40:00
메리메리깡,방문판매업,20150403,,폐업,20160329.0,,,,,제주특별자치도 제주시 도남동,"제주특별자치도 제주시 신성로**길 **, ***호 (도남동, 덕진웰리브아파트)",63205.0,2018-08-31 23:59:59
로하스,방문판매업,20150105,,폐업,20150817.0,,,,,,제주특별자치도 제주시 관덕로*길 ** (이도일동),,2018-08-31 23:59:59
거성쇼핑,방문판매업,20150522,,폐업,20151109.0,,,,,,"제주특별자치도 제주시 동광로 **, *층 (일도이동)",63274.0,2018-08-31 23:59:59
정우통신교육,방문판매업,20150526,,폐업,20240610.0,,,,,제주특별자치도 제주시 연동 ***번지 *호 *층,"제주특별자치도 제주시 문송길 **, *층 (연동)",63122.0,2024-06-12 02:40:00
365 모바일월드,방문판매업,20150624,,폐업,20170908.0,,,,,,"제주특별자치도 제주시 동문로 **-*, *호 (건입동)",63282.0,2018-08-31 23:59:59
효소화장품,방문판매업,20150625,,폐업,20151102.0,,,,,,"제주특별자치도 제주시 태성로 **, ***동 ***층 (일도이동, 대림*차아파트)",63262.0,2018-08-31 23:59:59
로하스2,방문판매업,20150702,,폐업,20151209.0,,,,,,"제주특별자치도 제주시 신산로 *, *층 (일도일동)",63264.0,2018-08-31 23:59:59
우리상사,방문판매업,20050318,,폐업,20210510.0,,,,,제주특별자치도 제주시 이도이동 ****번지 **호 수선화아파트 A동 ***호,"제주특별자치도 제주시 신설동길 **, A동 ***호 (이도이동, 수선화시영연립주택)",63305.0,2021-05-12 02:40:00
정산생명공학제주지사,방문판매업,20070723,,폐업,20200805.0,,,,,제주특별자치도 제주시 이도이동 ****번지 **호,"제주특별자치도 제주시 중앙로 ***, *층 (이도일동)",63197.0,2020-08-08 02:40:00
주식회사 모두네트웍,방문판매업,20150714,,폐업,20171231.0,,,,,,"제주특별자치도 제주시 오라남로 **, *층 (오라이동, 포원정보통신빌딩)",63144.0,2018-08-31 23:59:59
와짱제주지사,방문판매업,20150810,,폐업,20160211.0,,,,,,"제주특별자치도 제주시 고마로 **, *층 (일도이동)",63253.0,2018-08-31 23:59:59
제주웰빙디씨마트,방문판매업,20140729,,폐업,20180103.0,,,,,,제주특별자치도 제주시 중앙로**길 **-* (일도일동),63264.0,2018-08-31 23:59:59
굿모닝보청기,방문판매업,20090729,,폐업,20121210.0,,,,,제주특별자치도 제주시 삼도일동 ***번지 *호 대주빌딩 *층,"제주특별자치도 제주시 서광로 *** (삼도일동,대주빌딩 *층)",,2018-08-31 23:59:59
태양당대길운철학원,방문판매업,20010611,,폐업,20080131.0,,,,,제주특별자치도 제주시 화북일동 ****번지 *호,제주특별자치도 제주시 금산*길 * (화북일동),,2018-08-31 23:59:59
튼튼영어제주북부대리점,방문판매업,20020103,,폐업,20080219.0,,,,,제주시 삼도 *동 ***-**,,,2018-08-31 23:59:59
동원 ICT,방문판매업,20150824,,폐업,20190122.0,,,,,제주특별자치도 제주시 이도일동 ****번지 *호 올래케이티,"제주특별자치도 제주시 전농로 ***, 올래케이티 *층 (이도일동)",63199.0,2019-01-24 02:40:00
아이엔티 정보통신,방문판매업,20150826,,폐업,20170629.0,,,,,,"제주특별자치도 제주시 정존**길 **, ***호 (노형동)",63102.0,2018-08-31 23:59:59
그린피아,방문판매업,20150923,,폐업,20160621.0,,,,,,제주특별자치도 제주시 용해로 *** (용담이동),63159.0,2018-08-31 23:59:59
나우디자인,방문판매업,20151125,,폐업,20170703.0,,,,,,"제주특별자치도 제주시 진군남*길 *, ***호 (노형동, 더힐주상복합상가 기업지원센터)",63092.0,2018-08-31 23:59:59
제주 아이비,방문판매업,20140220,,폐업,20160722.0,,,,,,제주특별자치도 제주시 과원북*길 * (노형동),63086.0,2018-08-31 23:59:59
멀티넷정보통신,방문판매업,20140516,,폐업,20231010.0,,,,,제주특별자치도 제주시 일도이동 **번지 *호,제주특별자치도 제주시 태성중*길 * (일도이동),63260.0,2023-10-12 02:40:00
한솔씨앤피,방문판매업,20140523,,폐업,20181017.0,,,,,제주특별자치도 제주시 노형동 ****번지 *호,제주특별자치도 제주시 수덕*길 **-* (노형동),63103.0,2018-10-19 02:37:31
탑(TOP_sh),방문판매업,20140523,,폐업,20170703.0,,,,,,"제주특별자치도 제주시 문연로 **, *층 (연동)",63120.0,2018-08-31 23:59:59
제주올레정보통신,방문판매업,20140603,,폐업,20190508.0,,,,,제주특별자치도 제주시 일도이동 ***번지 **호,제주특별자치도 제주시 태성로*길 ** (일도이동),63261.0,2019-05-12 02:40:00
마임 동부지사,방문판매업,20140613,,폐업,20161231.0,,,,,,"제주특별자치도 제주시 남광로 ***, *층 ***호 (일도이동, 대유대림상가)",63262.0,2018-08-31 23:59:59
에코라이프,방문판매업,20140619,,폐업,20141218.0,,,,,,"제주특별자치도 제주시 중앙로**길 *, *층 (이도일동)",,2018-08-31 23:59:59
농업회사법인주식회사함박재바이오팜,방문판매업,20140221,,폐업,20170920.0,,,,,,제주특별자치도 제주시 첨단로 ***-* (영평동),63309.0,2018-08-31 23:59:59
그랜드홈파티스,방문판매업,20140721,,폐업,20150126.0,,,,,,"제주특별자치도 제주시 고마로 ***, *층 (이도이동)",,2018-08-31 23:59:59
에스앤에스 시스템,방문판매업,20140722,,폐업,20240703.0,,,,,제주특별자치도 제주시 영평동 ****번지 *호,제주특별자치도 제주시 황사평*길 *** (영평동),63308.0,2024-07-05 02:40:00
백두,방문판매업,20140728,,폐업,20150105.0,,,,,,"제주특별자치도 제주시 신설로*길 **, *층 ***호 (이도이동)",,2018-08-31 23:59:59
(주)유림유통,방문판매업,20111128,,폐업,20130601.0,,,,,제주특별자치도 제주시 일도*동 ****번지 **호,제주특별자치도 제주시 성지로 ** (일도이동),,2018-08-31 23:59:59
서웅상사,방문판매업,20090730,,폐업,20100401.0,,,,,제주특별자치도 제주시 이도이동 ****번지 *호 ***호,"제주특별자치도 제주시 광양**길 **, ***호 (이도이동)",,2018-08-31 23:59:59
월드보은,방문판매업,20090814,,폐업,20091120.0,,,,,제주특별자치도 제주시 삼도일동 ***번지 *호 A동 ***호,"제주특별자치도 제주시 서사로 **, A동 ***호 (삼도일동)",,2018-08-31 23:59:59
주식회사 아이티미디어,방문판매업,20090831,,폐업,20131024.0,,,,,제주특별자치도 제주시 연동 ****번지 *호 *층,"제주특별자치도 제주시 연화로*길 ** (연동,*층)",,2018-08-31 23:59:59
정동상사,방문판매업,20090831,,폐업,20180323.0,,,,,제주특별자치도 제주시 연동 ***번지 **호,"제주특별자치도 제주시 신대로 **, *층 (연동)",63119.0,2018-08-31 23:59:59
오휘신제주지사,방문판매업,20090921,,폐업,20130812.0,,,,,제주특별자치도 제주시 연동 ***번지 **호,제주특별자치도 제주시 신대로 *** (연동),,2018-08-31 23:59:59
Jeju탐라특판,방문판매업,20090922,,폐업,20100416.0,,,,,제주특별자치도 제주시 노형동 ****번지 *호,제주특별자치도 제주시 수덕*길 * (노형동),,2018-08-31 23:59:59
동광윤선생영어숲학원,방문판매업,20091008,,폐업,20150622.0,,,,,제주특별자치도 제주시 일도이동 ***번지 *호,제주특별자치도 제주시 태성로*길 ** (일도이동),,2018-08-31 23:59:59
제이비엔,방문판매업,20091020,,폐업,20100322.0,,,,,제주특별자치도 제주시 오라일동 ****번지 *층,,,2018-08-31 23:59:59
마임노형지사,방문판매업,20091029,,폐업,20160420.0,,,,,제주특별자치도 제주시 노형동 ***번지 *호 중흥S클래스 상가 ***호,"제주특별자치도 제주시 한라대학로 *** (노형동, 중흥에스클래스아파트)",63089.0,2018-08-31 23:59:59
대우자동차 선진,방문판매업,20020312,,폐업,20131106.0,,,,,제주시 일도 *동 ***-**,,,2018-08-31 23:59:59
마임연동지사,방문판매업,20020404,,폐업,20130801.0,,,,,제주특별자치도 제주시 연동 ***번지 *호 *층,"제주특별자치도 제주시 선덕로 ** (연동,*층)",,2018-08-31 23:59:59
마임제주중부지사,방문판매업,20020710,,폐업,20130801.0,,,,,제주시 삼도 *동 ***-*,,,2018-08-31 23:59:59
(주)우백모터스,방문판매업,20080918,,폐업,20201231.0,,,,,제주특별자치도 제주시 애월읍 유수암리 ****번지 **호,제주특별자치도 제주시 애월읍 유수암평화*길 **-**,63067.0,2021-01-02 02:40:00
주식회사 와이에스바이오,방문판매업,20120718,,폐업,20151008.0,,,,,제주특별자치도 제주시 일도*동 ****번지 *호 *층,"제주특별자치도 제주시 칠성로길 **, *층 (일도일동)",63277.0,2018-08-31 23:59:59
건강사랑(제주총판),방문판매업,20120730,,폐업,20130131.0,,,,,제주특별자치도 제주시 이도*동 ****번지 **호,제주특별자치도 제주시 동고산로 **-* (이도이동),,2018-08-31 23:59:59
다올에스엔제이,방문판매업,20120827,,폐업,20140102.0,,,,,제주특별자치도 제주시 삼도이동 ***번지 *호 *층,"제주특별자치도 제주시 전농로 **-*, *층 (삼도이동)",,2018-08-31 23:59:59
(주)케이티씨에스 제주114센터,방문판매업,20060214,,폐업,20100118.0,,,,,제주특별자치도 제주시 이도일동 ****번지,,,2018-08-31 23:59:59
로제트,방문판매업,20131002,,폐업,20150116.0,,,,,,"제주특별자치도 제주시 한경면 고산로 **, 지하층",,2018-08-31 23:59:59
(주)드림컴퓨터랜드,방문판매업,20141119,,폐업,20170403.0,,,,,,제주특별자치도 제주시 연삼로 *** (도남동),63221.0,2018-08-31 23:59:59
디자인빅뱅,방문판매업,20110829,,폐업,20151109.0,,,,,,"제주특별자치도 제주시 북성로 **, *층 (삼도이동)",63167.0,2018-08-31 23:59:59
씨에스(CS)텔레콤,방문판매업,20141204,,폐업,20170518.0,,,,,,"제주특별자치도 제주시 동광로 **, B동 ***호 (일도이동, 이룸해피안)",63274.0,2018-08-31 23:59:59
일도튼튼의료기보청기,방문판매업,20141211,,폐업,20170619.0,,,,,,"제주특별자치도 제주시 고마로 **, ***호 (일도이동)",63253.0,2018-08-31 23:59:59
다이아오에이(OA),방문판매업,20150102,,폐업,20170210.0,,,,,,제주특별자치도 제주시 남광로 ***-* (일도이동),63261.0,2018-08-31 23:59:59
센트럴네트워크,방문판매업,20150109,,폐업,20151224.0,,,,,,"제주특별자치도 제주시 동광로**길 **, *층 (일도이동)",63273.0,2018-08-31 23:59:59
그린센추리,방문판매업,20150120,,폐업,20170808.0,,,,,,"제주특별자치도 제주시 사장길 **, *층 (연동)",63133.0,2018-08-31 23:59:59
헬로우메리,방문판매업,20150128,,폐업,20160302.0,,,,,,"제주특별자치도 제주시 서사로*길 **, ***호 (삼도일동)",63173.0,2018-08-31 23:59:59
거성홀쇼핑,방문판매업,20150212,,폐업,20170102.0,,,,,,"제주특별자치도 제주시 남녕로 **, 지하*층 (노형동)",63097.0,2018-08-31 23:59:59
세모스쿠알렌 제주점,방문판매업,20150306,,폐업,20231116.0,,,,,제주특별자치도 제주시 도남동 ***번지 *호,제주특별자치도 제주시 복지로*길 *-* (도남동),63220.0,2023-11-18 02:40:00
주방명품87상사,방문판매업,20150309,,폐업,20200804.0,,,,,제주특별자치도 제주시 연동 ***번지 **호 *층,"제주특별자치도 제주시 신대로 **, *층 (연동)",63119.0,2020-08-06 02:40:00
튼튼영어,방문판매업,20021204,,폐업,20181025.0,,,,,제주특별자치도 제주시 외도일동 ***번지 *호 노블레스 ***호,"제주특별자치도 제주시 우정로*길 **, ***호 (외도일동, 노블레스)",63069.0,2018-10-27 02:37:43
드림포스,방문판매업,20030113,,폐업,20080627.0,,,,,제주특별자치도 제주시 화북일동 ****번지 *호,제주특별자치도 제주시 일주동로 *** (화북일동),,2018-08-31 23:59:59
차세대,방문판매업,19991026,,폐업,20071031.0,,,,,제주특별자치도 제주시 화북일동 ****번지,제주특별자치도 제주시 화남로 ** (화북일동),,2018-08-31 23:59:59
주식회사 상조서비스 사임당,방문판매업,20071105,,폐업,20131029.0,,,,,제주특별자치도 제주시 삼도일동 ***번지 **호,제주특별자치도 제주시 서광로 *** (삼도일동),,2018-08-31 23:59:59
JavaKT,방문판매업,20071106,,폐업,20071206.0,,,,,제주특별자치도 제주시 이도일동 ****번지 *호 *층,"제주특별자치도 제주시 전농로 *** (이도일동,*층)",,2018-08-31 23:59:59
114 제주,방문판매업,20071116,,폐업,20090630.0,,,,,제주특별자치도 제주시 이도이동 ****번지 **호 ***호,"제주특별자치도 제주시 연삼로 *** (이도이동,***호)",,2018-08-31 23:59:59
MARY KAY,방문판매업,20071121,,폐업,20071129.0,,,,,제주특별자치도 제주시 도남동 **번지 *호 **통 *반 장인빌라 ***호,"제주특별자치도 제주시 도남로**길 **, ***호 (도남동,장인빌라)",,2018-08-31 23:59:59
제주단식원,방문판매업,20041102,,폐업,20071210.0,,,,,제주특별자치도 제주시 삼도일동 ***번지 *호,제주특별자치도 제주시 서사로**길 * (삼도일동),,2018-08-31 23:59:59
쌍용자동차 제주중앙영업소,방문판매업,20071227,,폐업,20130501.0,,,,,제주특별자치도 제주시 이도이동 ****번지 *호,제주특별자치도 제주시 연삼로 *** (이도이동),,2018-08-31 23:59:59
노벨과개미,방문판매업,20030416,,폐업,20081130.0,,,,,제주시 삼도 *동 ***-*,제주특별자치도 제주시 관덕로 ** (삼도이동),,2018-08-31 23:59:59
건국우유 신제주점,방문판매업,20180627,,폐업,20241203.0,,,,,제주특별자치도 제주시 오라일동 ****-*,제주특별자치도 제주시 오라로**길 ** (오라일동),63191.0,2024-12-06 02:40:00
우리보청기,방문판매업,20180719,,폐업,20220325.0,,,,,제주특별자치도 제주시 연동 ***번지 **호,"제주특별자치도 제주시 도령로 **, *층 (연동)",63129.0,2022-03-30 02:40:00
주식회사 미애부 제주 뷰티존,방문판매업,20160115,,폐업,20170119.0,,,,,,"제주특별자치도 제주시 서광로 ***-*, *층 (삼도일동, 영지빌딩)",63182.0,2018-08-31 23:59:59
주식회사 우리이앤씨,방문판매업,20160211,,폐업,20170224.0,,,,,,"제주특별자치도 제주시 과원로 ***-*, *층 *호 (연동)",63142.0,2018-08-31 23:59:59
오션텔레콤,방문판매업,20160404,,폐업,20180816.0,,,,,제주특별자치도 제주시 용담이동 ***번지 **호,제주특별자치도 제주시 용화로 ** (용담이동),63156.0,2018-08-31 23:59:59
사랑채,방문판매업,20160609,,폐업,20220503.0,,,,,제주특별자치도 제주시 연동 ***-** 연일빌라,"제주특별자치도 제주시 신광로*길 **, ***호 (연동, 연일빌라)",63131.0,2022-05-05 02:40:00
대경페이(DK Pay),방문판매업,20160614,,폐업,20190201.0,,,,,제주특별자치도 제주시 일도이동 **번지 *호,"제주특별자치도 제주시 연수로*길 *, *층 (일도이동, 인해빌딩)",63258.0,2019-02-03 02:40:00
주식회사 봉봉오토모빌,방문판매업,20160929,,폐업,20220622.0,,,,,제주특별자치도 제주시 화북일동 ****-*,"제주특별자치도 제주시 선반로 **, *층 (화북일동)",63298.0,2022-06-25 02:40:00
엘레쟈라텍스(외도),방문판매업,20161004,,폐업,20171213.0,,,,,,제주특별자치도 제주시 우정로**길 * (외도일동),63069.0,2018-08-31 23:59:59
케이씨씨 오토모빌 주식회사,방문판매업,20161115,,폐업,20200603.0,,,,,제주특별자치도 제주시 오라삼동 ****번지,제주특별자치도 제주시 연삼로 *** (오라삼동),63145.0,2020-06-05 02:40:00
케이지모빌리티 한림판매출장소,방문판매업,20161121,,폐업,20241018.0,,,,,제주특별자치도 제주시 한림읍 대림리 ****번지 *호,제주특별자치도 제주시 한림읍 대림*길 **,63030.0,2024-10-23 02:40:00
윤선생영어교실 신제주센터,방문판매업,20161130,,폐업,20250310.0,,,,,제주특별자치도 제주시 연동 ****번지,"제주특별자치도 제주시 국기중길 **, ***호 (연동)",63139.0,2025-03-13 02:40:00
윤선생영어교실 제주서부센터,방문판매업,20140820,,폐업,20180601.0,,,,,제주특별자치도 제주시 애월읍 하귀*리 ****번지 *호,제주특별자치도 제주시 애월읍 하소로 **-**,63050.0,2018-08-31 23:59:59
이노티엔씨 영농종합법인,방문판매업,20200106,,폐업,20200618.0,,,,,제주특별자치도 제주시 구좌읍 동복리 ****번지 *호,제주특별자치도 제주시 구좌읍 동복로*길 *,63347.0,2020-06-21 02:40:00
종근당건강 헬스벨스토리 제주아라점,방문판매업,20191216,,폐업,20240312.0,,,,,제주특별자치도 제주시 아라일동 ****번지 *호,"제주특별자치도 제주시 중앙로 ***, *층 (아라일동)",63238.0,2024-03-15 02:40:00
준 컴퍼니,방문판매업,20191004,,폐업,20200427.0,,,,,제주특별자치도 제주시 연동 ***번지 *호 미도스카이빌,"제주특별자치도 제주시 노연로 ***-*, ***호 (연동, 미도스카이빌)",63133.0,2020-04-30 02:40:00
스파족욕기,방문판매업,20240712,,폐업,20250317.0,,,,,제주특별자치도 제주시 애월읍 수산리 ***,"제주특별자치도 제주시 애월읍 번대동길 **-*, *층",63056.0,2025-03-21 02:40:00
가온네트웍스 주식회사,방문판매업,20191104,,폐업,20200604.0,,,,,제주특별자치도 제주시 삼양일동 ****번지 *호 라온빌*차 ***호,"제주특별자치도 제주시 선사로*길 **, ***호 (삼양일동, 라온빌*차)",63317.0,2020-06-07 02:40:00
이바디,방문판매업,20200225,,폐업,20200727.0,,,,,제주특별자치도 제주시 이도일동 ****번지 *호,"제주특별자치도 제주시 오현길 **, *층 (이도일동)",63192.0,2020-07-30 02:40:00
제주마임남부온새미지사,방문판매업,20200316,,폐업,20220412.0,,,,,제주특별자치도 제주시 이도이동 ****번지 전원파크맨션,"제주특별자치도 제주시 신성로**길 **, ***호 (이도이동, 전원파크맨션)",63206.0,2022-04-14 02:40:00
유한회사 폰사랑,방문판매업,20200313,,폐업,20200430.0,,,,,제주특별자치도 제주시 일도이동 ***번지 *호,"제주특별자치도 제주시 고마로 ***, *층 (일도이동)",63275.0,2020-05-03 02:40:00
바리에르(Varier) 인셀덤,방문판매업,20200130,,폐업,20210413.0,,,,,제주특별자치도 제주시 한림읍 한림리 ****번지 *호 해원오피스텔,"제주특별자치도 제주시 한림읍 한림남*길 *, 해원오피스텔 ***호",63032.0,2021-04-16 02:40:00
더 썬 제주 인셀덤,방문판매업,20200129,,폐업,20200612.0,,,,,제주특별자치도 제주시 한림읍 한림리 ***번지 *호,"제주특별자치도 제주시 한림읍 명랑남길 **-*, *층 ***호",63028.0,2020-06-17 02:40:00
카일라스(신제주점),방문판매업,20200611,,폐업,20211101.0,,,,,제주특별자치도 제주시 연동 ***번지 **호 로얄쇼핑센타및오피스텔,"제주특별자치도 제주시 신대로**길 **, 로얄쇼핑센타및오피스텔 *층 (연동)",63124.0,2021-11-03 02:40:00
주식회사 비티이앤씨,방문판매업,20200605,,폐업,20200716.0,,,,,제주특별자치도 제주시 애월읍 하귀*리 ****번지 *호,"제주특별자치도 제주시 애월읍 하귀로 **, *층",63051.0,2020-07-18 02:40:00
뉴톤보청기 제주지사,방문판매업,20200608,,폐업,20241029.0,,,,,제주특별자치도 제주시 이도일동 ****번지 **호,"제주특별자치도 제주시 서광로 ***, *층 (이도일동)",63198.0,2024-11-02 02:40:00
(주)아셀월드인터내셔널,방문판매업,20200520,,폐업,20210909.0,,,,,제주특별자치도 제주시 오라삼동 ****-* 세계빌딩,"제주특별자치도 제주시 서광로 **, 세계빌딩 *층 (오라삼동)",63148.0,2021-09-11 02:40:00
코앤코교육 제주지사,방문판매업,20200622,,폐업,20200622.0,,,,,제주특별자치도 제주시 도남동 ***번지 **호,"제주특별자치도 제주시 서광로**길 **, *층 (도남동)",63201.0,2020-06-25 00:23:17
와이제이다온,방문판매업,20211111,,폐업,20241203.0,,,,,제주특별자치도 제주시 이도일동 ****-**,"제주특별자치도 제주시 동광로*길 **-*, *층 (이도일동)",63197.0,2024-12-07 02:40:00
태평양유통,방문판매업,20071129,,폐업,20231219.0,,,,,제주특별자치도 제주시 이도일동 ****번지 *호 광양미화아파트,"제주특별자치도 제주시 광양*길 **, ***호 (이도일동, 광양미화아파트)",63199.0,2023-12-21 02:40:00
노형대리점,방문판매업,20200129,,폐업,20210603.0,,,,,제주특별자치도 제주시 노형동 ****-* 계림아파트,"제주특별자치도 제주시 수덕*길 **, 계림아파트 ***호 (노형동)",63099.0,2021-06-05 02:40:00
리더스클럽,방문판매업,20210901,,폐업,20221104.0,,,,,제주특별자치도 제주시 삼도이동 ***,"제주특별자치도 제주시 중앙로**길 **, ***호 (삼도이동)",63169.0,2022-11-09 02:40:00
실버라인대리점,방문판매업,20210810,,폐업,20220330.0,,,,,,"제주특별자치도 제주시 정존*길 **, ****호 (노형동, 웰빙파크)",63103.0,2022-10-13 02:40:00
제이케이 샤인점,방문판매업,20221227,,폐업,20231201.0,,,,,제주특별자치도 제주시 용담일동 ***-**,"제주특별자치도 제주시 남성로**길 **-*, *층 (용담일동)",63174.0,2023-12-03 02:40:00
주식회사 라이징스타,방문판매업,20210504,,폐업,20220318.0,,,,,제주특별자치도 제주시 오라삼동 ****-* 세계빌딩,"제주특별자치도 제주시 서광로 **, 세계빌딩 *층 (오라삼동)",63148.0,2022-04-03 02:40:00
탐라대리점,방문판매업,20210504,,폐업,20210603.0,,,,,제주특별자치도 제주시 노형동 ****-* 계림아파트,"제주특별자치도 제주시 수덕*길 **, ***호 (노형동, 계림아파트)",63099.0,2021-06-05 02:40:00
에이디텔레콤주식회사,방문판매업,20150413,,폐업,20180725.0,,,,,제주특별자치도 제주시 도남동 ***번지 *호 *층,"제주특별자치도 제주시 복지로*길 **, *층 (도남동)",63220.0,2018-08-31 23:59:59
제주노형윤선생영어교실,방문판매업,20180920,,폐업,20191125.0,,,,,제주특별자치도 제주시 노형동 ****번지 *호,"제주특별자치도 제주시 남녕로 **, *층 (노형동)",63097.0,2019-12-08 02:40:00
한국신용정보통신,방문판매업,20200916,,폐업,20241121.0,,,,,제주특별자치도 제주시 이도일동 ****-*,"제주특별자치도 제주시 중앙로**길 **, *층 (이도일동)",63193.0,2024-11-23 02:40:00
두근두근홈케어,방문판매업,20201008,,폐업,20220624.0,,,,,제주특별자치도 제주시 도평동 ****,"제주특별자치도 제주시 우평로 ***, *층 ***호 (도평동)",63075.0,2022-07-06 02:40:00
인셀덤정,방문판매업,20191028,,폐업,20210824.0,,,,,제주특별자치도 제주시 조천읍 신흥리 ***-*,"제주특별자치도 제주시 조천읍 신흥로 **, ***동 ***호",63332.0,2021-08-28 02:40:00
주식회사 앤케이글로벌,방문판매업,20201102,,폐업,20210524.0,,,,,제주특별자치도 제주시 이도이동 **-**,제주특별자치도 제주시 연신로 **-* (이도이동),63228.0,2021-05-26 02:40:00
코앤코교육 제주지사,방문판매업,20210218,,폐업,20250514.0,,,,,제주특별자치도 제주시 오라삼동 ****-**,"제주특별자치도 제주시 동성길 *, *층 ***호 (오라삼동)",63149.0,2025-05-17 02:40:00
해피리치(Happy Rich),방문판매업,20220714,,폐업,20250307.0,,,,,제주특별자치도 제주시 일도이동 ***-* 영도제나빌아파트 ***동 ***호,"제주특별자치도 제주시 고마로 ***-*, ***동 ***호 (일도이동, 영도제나빌)",63275.0,2025-03-09 02:40:00
나르지오제주지점,방문판매업,20190103,,폐업,20200521.0,,,,,제주특별자치도 제주시 삼도일동 ***번지 **호,제주특별자치도 제주시 서광로 *** (삼도일동),63183.0,2020-05-23 02:40:00
조이,방문판매업,20181224,,폐업,20191122.0,,,,,제주특별자치도 제주시 애월읍 하귀*리 ***번지 *호,"제주특별자치도 제주시 애월읍 하귀*길 *, *층",63054.0,2019-11-24 02:40:00
종근당건강 헬스벨스토리 제주일도점,방문판매업,20201201,,폐업,20221116.0,,,,,제주특별자치도 제주시 일도이동 ***-** 이룸해피안,"제주특별자치도 제주시 동광로 **, ***호B호 (일도이동, 이룸해피안)",63274.0,2022-11-18 02:40:00
엘뤼프333,방문판매업,20231005,,폐업,20240507.0,,,,,제주특별자치도 제주시 영평동 **** 제주효성해링턴코트*차*단지,"제주특별자치도 제주시 기와*길 ***-**, ***동 ***호 (영평동, 제주효성해링턴코트*차*단지)",63308.0,2024-05-10 02:40:00
제주넷,방문판매업,20241129,,폐업,20250811.0,,,,,제주특별자치도 제주시 이도일동 ****-** 에스빌딩 ***호,"제주특별자치도 제주시 광양*길 *, 에스빌딩 ***호 (이도일동)",63197.0,2025-08-13 02:40:00
점프셈제주지사,방문판매업,20050726,20081013.0,취소/말소/만료/정지/중지,,,,,,제주시 이도 *동 ****-*,,,2018-08-31 23:59:59
눈사랑제주지사,방문판매업,20050927,20071211.0,취소/말소/만료/정지/중지,,,,,,제주특별자치도 제주시 연동 ****번지 *호,제주특별자치도 제주시 국기로*길 * (연동),,2018-08-31 23:59:59
한라,방문판매업,20041124,20081013.0,취소/말소/만료/정지/중지,,,,,,제주시 이호 *동 ***-*,,,2018-08-31 23:59:59
대상인터내셔널,방문판매업,20040323,20071211.0,취소/말소/만료/정지/중지,,,,,,제주시 한경면 고산리 ****,,,2018-08-31 23:59:59
대상인터내셔널,방문판매업,20040616,20071211.0,취소/말소/만료/정지/중지,,,,,,제주시 한경면 고산리 ****,,,2018-08-31 23:59:59
제이제이테크,방문판매업,20051102,20071211.0,취소/말소/만료/정지/중지,,,,,,제주시 애월읍 하귀*리 ***-*,,,2018-08-31 23:59:59
남양알로에남부특약점,방문판매업,19960907,20081013.0,취소/말소/만료/정지/중지,,,,,,제주특별자치도 제주시 이도이동 ****번지 *호,,,2018-08-31 23:59:59
워터스신제주대리점,방문판매업,19961031,20081013.0,취소/말소/만료/정지/중지,,,,,,제주특별자치도 제주시 연동 ***번지 **호,제주특별자치도 제주시 사장길 ** (연동),,2018-08-31 23:59:59
(주)한솔화장품,방문판매업,19960906,20081013.0,취소/말소/만료/정지/중지,,,,,,제주특별자치도 제주시 이도일동 ****번지,,,2018-08-31 23:59:59
경성정보통신,방문판매업,20060331,20081013.0,취소/말소/만료/정지/중지,,,,,,제주특별자치도 제주시 용담일동 ****번지 **호,제주특별자치도 제주시 서광로 *** (용담일동),,2018-08-31 23:59:59
이지시스템,방문판매업,19961230,20081013.0,취소/말소/만료/정지/중지,,,,,,제주특별자치도 제주시 일도이동 ***번지 **호,제주특별자치도 제주시 고마로 ** (일도이동),,2018-08-31 23:59:59
마임연동 남부지사,방문판매업,20070727,20081013.0,취소/말소/만료/정지/중지,,,,,,제주특별자치도 제주시 연동 ****번지,제주특별자치도 제주시 국기중길 ** (연동),,2018-08-31 23:59:59
제주상사,방문판매업,20040212,20081013.0,취소/말소/만료/정지/중지,,,,,,제주시 이도 *동 **-*,,,2018-08-31 23:59:59
한일의료기,방문판매업,20040217,20081013.0,취소/말소/만료/정지/중지,,,,,,제주시 용담 *동 ***-**,,,2018-08-31 23:59:59
제이에스비,방문판매업,20040513,20081013.0,취소/말소/만료/정지/중지,,,,,,제주시 외도 *동 ****-*,,,2018-08-31 23:59:59
케이지씨판매신제주지사,방문판매업,20040706,20081013.0,취소/말소/만료/정지/중지,,,,,,제주시 연동 **** *층 *호,,,2018-08-31 23:59:59
영어조합법인제주자라,방문판매업,20040924,20081013.0,취소/말소/만료/정지/중지,,,,,,제주특별자치도 제주시 외도일동 ****번지 *호,제주특별자치도 제주시 계명길 ** (외도일동),,2018-08-31 23:59:59
논리수학,방문판매업,19970430,20081013.0,취소/말소/만료/정지/중지,,,,,,제주특별자치도 제주시 용담일동 ****번지 *호,제주특별자치도 제주시 서광로 *** (용담일동),,2018-08-31 23:59:59
왕벌화진화장품,방문판매업,19980707,20081013.0,취소/말소/만료/정지/중지,,,,,,제주특별자치도 제주시 도남동 ****번지 *호 서강빌딩 *층,,,2018-08-31 23:59:59
현대이도판매대리점,방문판매업,19980912,20071211.0,취소/말소/만료/정지/중지,,,,,,제주시 이도 *동 ****-**,,,2018-08-31 23:59:59
한라카서비스센타,방문판매업,19981015,20071211.0,취소/말소/만료/정지/중지,,,,,,제주시 연동 ***-**,,,2018-08-31 23:59:59
㈜더블랜드,방문판매업,20031229,20081013.0,취소/말소/만료/정지/중지,,,,,,제주시 이도 *동 ****-* 동양화재빌딩 *층,,,2018-08-31 23:59:59
한국건강원,방문판매업,20040311,20081013.0,취소/말소/만료/정지/중지,,,,,,제주시 한경면 용수리 ****,,,2018-08-31 23:59:59
현대 한라판매대리점,방문판매업,19990220,20071211.0,취소/말소/만료/정지/중지,,,,,,제주시 구좌읍 세화리 ****-*,,,2018-08-31 23:59:59
제주마을㈜,방문판매업,20060105,20081013.0,취소/말소/만료/정지/중지,,,,,,제주시 한림읍 금능리 ***-**,,,2018-08-31 23:59:59
(주)컴친구,방문판매업,19990325,20081013.0,취소/말소/만료/정지/중지,,,,,,제주특별자치도 제주시 이도일동 ****번지 *호,제주특별자치도 제주시 광양*길 ** (이도일동),,2018-08-31 23:59:59
혜수유통,방문판매업,20050124,20081013.0,취소/말소/만료/정지/중지,,,,,,제주특별자치도 제주시 연동 ***번지 ***호,제주특별자치도 제주시 노연로 *** (연동),,2018-08-31 23:59:59
㈜수눌음,방문판매업,20050602,20081013.0,취소/말소/만료/정지/중지,,,,,,제주시 삼도 *동 ***-*,,,2018-08-31 23:59:59
삼성유통,방문판매업,20011211,20071211.0,취소/말소/만료/정지/중지,,,,,,제주시 한경면 고산리 ****-**,,,2018-08-31 23:59:59
남도통상,방문판매업,20020402,20071211.0,취소/말소/만료/정지/중지,,,,,,제주시 조천읍 신촌리 ***-*,,,2018-08-31 23:59:59
동양메디칼,방문판매업,20020416,20071211.0,취소/말소/만료/정지/중지,,,,,,제주시 조천읍 함덕리 ****-*,,,2018-08-31 23:59:59
동양메디칼,방문판매업,20020424,20081013.0,취소/말소/만료/정지/중지,,,,,,제주특별자치도 제주시 추자면 대서리 ***번지,제주특별자치도 제주시 추자면 대서*길 **,,2018-08-31 23:59:59
벽산기획,방문판매업,20020330,20071211.0,취소/말소/만료/정지/중지,,,,,,"제주시 외도 *동 **-* 장원빌딩 ***,***호",,,2018-08-31 23:59:59
유제이,방문판매업,20020829,20071211.0,취소/말소/만료/정지/중지,,,,,,제주시 한림읍 한림리 ****,,,2018-08-31 23:59:59
탐라오가피 영농조합법인,방문판매업,20021010,20081013.0,취소/말소/만료/정지/중지,,,,,,제주특별자치도 제주시 일도이동 ***번지 *호,제주특별자치도 제주시 태성로*길 ** (일도이동),,2018-08-31 23:59:59
참존화장품제주지사,방문판매업,20030311,20081013.0,취소/말소/만료/정지/중지,,,,,,제주시 삼도 *동 ***-* *층,,,2018-08-31 23:59:59
인해농수산㈜,방문판매업,20020424,20071211.0,취소/말소/만료/정지/중지,,,,,,제주시 한림읍 금능리 ***-*,,,2018-08-31 23:59:59
미라클,방문판매업,20020817,20071211.0,취소/말소/만료/정지/중지,,,,,,제주시 한경면 신창리 ***,,,2018-08-31 23:59:59
제주자연산식품개발원,방문판매업,20030227,20071211.0,취소/말소/만료/정지/중지,,,,,,제주시 한림읍 월령리 ***,,,2018-08-31 23:59:59
나래통상,방문판매업,20030318,20071211.0,취소/말소/만료/정지/중지,,,,,,제주시 한림읍 한림리 ****-*,,,2018-08-31 23:59:59
대산유통,방문판매업,20030715,20071211.0,취소/말소/만료/정지/중지,,,,,,제주시 애월읍 신엄리 ****-*,,,2018-08-31 23:59:59
나래유통,방문판매업,20031210,20071211.0,취소/말소/만료/정지/중지,,,,,,제주시 구좌읍 세화리 ****-*,,,2018-08-31 23:59:59
㈜아리아투자개발,방문판매업,19990830,20071211.0,취소/말소/만료/정지/중지,,,,,,제주시 일도 *동 ****-*,,,2018-08-31 23:59:59
영광문화사,방문판매업,20001117,20071211.0,취소/말소/만료/정지/중지,,,,,,제주시 삼도 *동 ***-**,,,2018-08-31 23:59:59
삼성유통,방문판매업,20011012,20071211.0,취소/말소/만료/정지/중지,,,,,,제주시 한림읍 대림리 ****,,,2018-08-31 23:59:59
한라기획,방문판매업,20021004,20071211.0,취소/말소/만료/정지/중지,,,,,,제주시 일도 *동 ****-*,,,2018-08-31 23:59:59
유제이,방문판매업,20030203,20071211.0,취소/말소/만료/정지/중지,,,,,,제주시 삼도 *동 ***-*,,,2018-08-31 23:59:59
큰곰의료기,방문판매업,20030331,20081013.0,취소/말소/만료/정지/중지,,,,,,제주시 노형동 ***-*중흥S클래스상가***호,,,2018-08-31 23:59:59
이엠정보통신교육원,방문판매업,20030502,20081013.0,취소/말소/만료/정지/중지,,,,,,제주특별자치도 제주시 이도일동 ****번지 *호,제주특별자치도 제주시 중앙로 *** (이도일동),,2018-08-31 23:59:59
쿨스쿨,방문판매업,20030523,20081013.0,취소/말소/만료/정지/중지,,,,,,제주시 일도 *동 ****-* *층,,,2018-08-31 23:59:59
나래통상,방문판매업,20030718,20071211.0,취소/말소/만료/정지/중지,,,,,,제주시 도남동 ***-*,,,2018-08-31 23:59:59
현대멤버스,방문판매업,20030805,20081013.0,취소/말소/만료/정지/중지,,,,,,제주시 일도 *동 ***-*,,,2018-08-31 23:59:59
JU-SHOP,방문판매업,20030905,20081013.0,취소/말소/만료/정지/중지,,,,,,"제주시 용담 *동 ***-**,*층",,,2018-08-31 23:59:59
㈜티지엠씨,방문판매업,20031020,20081013.0,취소/말소/만료/정지/중지,,,,,,제주시 연동 ***-* *층,,,2018-08-31 23:59:59
(주)동부리조트,방문판매업,20080108,,영업/정상,,,,,,제주특별자치도 제주시 한경면 고산리 ****번지 c동 *층,제주특별자치도 제주시 한경면 노을해안로 ****-* (c동 *층),,2018-08-31 23:59:59
제이케이 라냐,방문판매업,20230816,,취소/말소/만료/정지/중지,,,,,,제주특별자치도 제주시 외도일동 ***-* 부영아파트,"제주특별자치도 제주시 우정로**길 **, ***동 ***호 (외도일동, 부영아파트)",63070.0,2025-05-09 02:40:00
인셀덤NO.1,방문판매업,20190624,,취소/말소/만료/정지/중지,,,,,,제주특별자치도 제주시 노형동 ****번지 *호 연희다세대 ***호,"제주특별자치도 제주시 월랑북*길 *-*, 연희다세대 ***호 (노형동)",63095.0,2020-04-30 02:40:00
홍선생미술 서귀포지사,방문판매업,20091125,,취소/말소/만료/정지/중지,,,,,,제주특별자치도 제주시 이도이동 ****번지 *호,제주특별자치도 제주시 고산동산*길 **-* (이도이동),,2018-08-31 23:59:59
제주농어촌장가보내기운동본부,방문판매업,20100810,,취소/말소/만료/정지/중지,,,,,,제주특별자치도 제주시 애월읍 하귀*리 ***번지,제주특별자치도 제주시 애월읍 일주서로 ****-*,,2018-08-31 23:59:59
룸비니국제결혼정보,방문판매업,20100812,,취소/말소/만료/정지/중지,,,,,,제주특별자치도 제주시 삼도*동 ***번지 *호 *층,"제주특별자치도 제주시 관덕로*길 ** (삼도이동,*층)",,2018-08-31 23:59:59
제주명품엔,방문판매업,20100920,,취소/말소/만료/정지/중지,,,,,,제주특별자치도 제주시 삼도일동 ***번지 서사라상가*층,,,2018-08-31 23:59:59
제일F&B,방문판매업,20100930,,취소/말소/만료/정지/중지,,,,,,제주특별자치도 제주시 노형동 ***번지 태평빌딩*층정다운마트내,"제주특별자치도 제주시 원노형로 ** (노형동,태평빌딩*층정다운마트내)",,2018-08-31 23:59:59
제주에스랜드상담센터,방문판매업,20101018,,취소/말소/만료/정지/중지,,,,,,제주특별자치도 제주시 연동 ***번지 *호 *층,"제주특별자치도 제주시 노연로 ** (연동,*층)",,2018-08-31 23:59:59
해피월드,방문판매업,20101110,,취소/말소/만료/정지/중지,,,,,,제주특별자치도 제주시 연동 ***번지 **호 로얄쇼핑*층,"제주특별자치도 제주시 신대로**길 ** (연동,로얄쇼핑*층)",,2018-08-31 23:59:59
영원통상 영농조합법인,방문판매업,20101206,,취소/말소/만료/정지/중지,,,,,,제주특별자치도 제주시 이호*동 ****번지 *호,제주특별자치도 제주시 테우해안로 *** (이호일동),,2018-08-31 23:59:59
한국야쿠르트 동제주점,방문판매업,20110103,,취소/말소/만료/정지/중지,,,,,,제주특별자치도 제주시 일도*동 **번지 *호,제주특별자치도 제주시 연신로 ** (일도이동),,2018-08-31 23:59:59
주주산업,방문판매업,20060830,,취소/말소/만료/정지/중지,,,,,,제주시 삼도 *동 ***-*,,,2018-08-31 23:59:59
제주비타애프앤비,방문판매업,20060926,,취소/말소/만료/정지/중지,,,,,,제주특별자치도 제주시 노형동 ***번지 *호 ***호,"제주특별자치도 제주시 진군길 **-* (노형동,***호)",,2018-08-31 23:59:59
수앤수,방문판매업,20061206,,취소/말소/만료/정지/중지,,,,,,제주시 이도 *동 ****-**층,,,2018-08-31 23:59:59
로제트,방문판매업,20100105,,취소/말소/만료/정지/중지,,,,,,제주특별자치도 제주시 일도일동 ****번지 지하,"제주특별자치도 제주시 신산로 * (일도일동,지하)",,2018-08-31 23:59:59
한솔기획,방문판매업,20110712,,취소/말소/만료/정지/중지,,,,,,제주특별자치도 제주시 용담*동 ***번지 *호 지하,"제주특별자치도 제주시 서문로 ** (용담일동,지하)",,2018-08-31 23:59:59
고와지는,방문판매업,20110926,,취소/말소/만료/정지/중지,,,,,,제주특별자치도 제주시 연동 ***번지 *호 연빌딩 *층,"제주특별자치도 제주시 연삼로 ** (연동,연빌딩 *층)",,2018-08-31 23:59:59
H·K 코리아,방문판매업,20110926,,취소/말소/만료/정지/중지,,,,,,제주특별자치도 제주시 일도*동 ***번지 **호 향천빌딩 *층,"제주특별자치도 제주시 고마로 ** (일도이동,향천빌딩 *층)",,2018-08-31 23:59:59
코리아럭셔리트래블클럽(주),방문판매업,20111026,,취소/말소/만료/정지/중지,,,,,,제주특별자치도 제주시 연동 ***번지 **호 태홍누리안 ***호,"제주특별자치도 제주시 삼무로 **, ***호 (연동,태홍누리안)",,2018-08-31 23:59:59
태양정보통신,방문판매업,20051108,,취소/말소/만료/정지/중지,,,,,,제주시 삼도 *동 ***-**,제주특별자치도 제주시 전농로*길 ** (삼도일동),,2018-08-31 23:59:59
토마리온제주지사,방문판매업,20091210,,취소/말소/만료/정지/중지,,,,,,제주특별자치도 제주시 연동 ****번지 *호,제주특별자치도 제주시 과원로 ** (연동),,2018-08-31 23:59:59
(주)엔케이에이치,방문판매업,20081015,,취소/말소/만료/정지/중지,,,,,,제주특별자치도 제주시 이도일동 ****번지 **호 *층,"제주특별자치도 제주시 광양*길 * (이도일동,*층)",,2018-08-31 23:59:59
차귀도섬풍경팬션,방문판매업,20081027,,취소/말소/만료/정지/중지,,,,,,제주특별자치도 제주시 한경면 고산리 ****번지,제주특별자치도 제주시 한경면 노을해안로 ****-*,,2018-08-31 23:59:59
(주)청정초,방문판매업,20080209,,취소/말소/만료/정지/중지,,,,,,제주특별자치도 제주시 노형동 ***번지 *호 삼부빌딩 ***호,"제주특별자치도 제주시 원노형*길 **, ***호 (노형동,삼부빌딩)",,2018-08-31 23:59:59
주식회사 별나라,방문판매업,20090211,,취소/말소/만료/정지/중지,,,,,,제주특별자치도 제주시 오라일동 ****번지 *층,,,2018-08-31 23:59:59
헬스모아,방문판매업,20090430,,취소/말소/만료/정지/중지,,,,,,제주특별자치도 제주시 이도이동 ****번지 **호 (지하*층),"제주특별자치도 제주시 동광로*길 * (이도이동,(지하*층))",,2018-08-31 23:59:59
(주)리즈파크,방문판매업,20080227,,취소/말소/만료/정지/중지,,20131128.0,20150730.0,,,제주특별자치도 제주시 애월읍 상귀리 ***번지,제주특별자치도 제주시 애월읍 상귀서길 **-**,,2018-08-31 23:59:59
아쿠아리택,방문판매업,20080312,,취소/말소/만료/정지/중지,,,,,,제주특별자치도 제주시 연동 ***번지 **호 로얄쇼핑,"제주특별자치도 제주시 신대로**길 ** (연동,로얄쇼핑)",,2018-08-31 23:59:59
케이지씨 제주탐라지사,방문판매업,20080326,,취소/말소/만료/정지/중지,,,,,,제주특별자치도 제주시 도남동 **번지 *호,제주특별자치도 제주시 독짓골*길 ** (도남동),,2018-08-31 23:59:59
명현종합유통,방문판매업,20080418,,취소/말소/만료/정지/중지,,,,,,제주특별자치도 제주시 연동 ****번지 *호 정광쉐르빌 ***호,"제주특별자치도 제주시 도령로**길 *, ***호 (연동,정광쉐르빌)",,2018-08-31 23:59:59
네들바이오,방문판매업,20080627,,취소/말소/만료/정지/중지,,,,,,제주특별자치도 제주시 이도*동 ****번지 **호,,,2018-08-31 23:59:59
쿨스터디해냄교육원,방문판매업,20080701,,취소/말소/만료/정지/중지,,,,,,제주특별자치도 제주시 이도이동 ****번지 신산하이츠빌라상가 ***호,"제주특별자치도 제주시 고산동산*길 *, ***호 (이도이동,신산하이츠빌라상가)",,2018-08-31 23:59:59
마임노형북부지사,방문판매업,20100302,,취소/말소/만료/정지/중지,,,,,,제주특별자치도 제주시 연동 ***번지 *호 *층,"제주특별자치도 제주시 선덕로 ** (연동,*층)",,2018-08-31 23:59:59
제주북부마임지사,방문판매업,20100331,,취소/말소/만료/정지/중지,,,,,,,제주특별자치도 제주시 고마로 ** (일도이동),,2018-08-31 23:59:59
동국라이프,방문판매업,20100413,,취소/말소/만료/정지/중지,,,,,,제주특별자치도 제주시 이도일동 ****번지 *호,제주특별자치도 제주시 중앙로**길 * (이도일동),,2018-08-31 23:59:59
주식회사 제이아이티,방문판매업,20100416,,취소/말소/만료/정지/중지,,,,,,제주특별자치도 제주시 이도이동 ****번지 *호 홍주빌딩 *층,"제주특별자치도 제주시 연삼로 ***-* (이도이동,홍주빌딩 *층)",,2018-08-31 23:59:59
(주)제주올인투어,방문판매업,20100430,,취소/말소/만료/정지/중지,,,,,,제주특별자치도 제주시 연동 ***번지 **호 *층,"제주특별자치도 제주시 신대로*길 ** (연동,*층)",,2018-08-31 23:59:59
향기나는 화장품,방문판매업,20100603,,취소/말소/만료/정지/중지,,,,,,제주특별자치도 제주시 연동 ****번지 ***호,"제주특별자치도 제주시 국기로*길 ** (연동,***호)",,2018-08-31 23:59:59
신인상사,방문판매업,20100610,,취소/말소/만료/정지/중지,,,,,,제주특별자치도 제주시 이도일동 ****번지 *호 지하,"제주특별자치도 제주시 관덕로*길 ** (이도일동,지하)",,2018-08-31 23:59:59
마임한림지사,방문판매업,20100715,,취소/말소/만료/정지/중지,,,,,,제주특별자치도 제주시 한림읍 한림리 ****번지 *호 한림중앙상가 *층 ***호,제주특별자치도 제주시 한림읍 한림북동길 * (한림중앙상가 *층 ***호),,2018-08-31 23:59:59
제주프뢰벨,방문판매업,19960831,,취소/말소/만료/정지/중지,,,,,,제주시 삼도 *동 ***-**,,,2018-08-31 23:59:59
남양알로에동부특약점,방문판매업,19960907,,취소/말소/만료/정지/중지,,,,,,제주시 일도 *동 ****-*,,,2018-08-31 23:59:59
월드더원제주지사,방문판매업,20120530,,취소/말소/만료/정지/중지,,,,,,제주특별자치도 제주시 연동 ***번지 **호  지하,"제주특별자치도 제주시 신대로**길 *, 지하층 (연동)",,2018-08-31 23:59:59
다솔결혼정보,방문판매업,20120621,,취소/말소/만료/정지/중지,,,,,,제주특별자치도 제주시 삼도*동 ***번지 *호,제주특별자치도 제주시 관덕로*길 ** (삼도이동),,2018-08-31 23:59:59
포근한세상,방문판매업,20120705,,취소/말소/만료/정지/중지,,,,,,제주특별자치도 제주시 건입동 ****번지 **호,제주특별자치도 제주시 동문로 **-* (건입동),,2018-08-31 23:59:59
거성쇼핑,방문판매업,20121022,,취소/말소/만료/정지/중지,,,,,,,"제주특별자치도 제주시 중앙로 ** (일도일동, 천년타워*층)",,2018-08-31 23:59:59
해플,방문판매업,20121022,,취소/말소/만료/정지/중지,,,,,,,"제주특별자치도 제주시 복지로*길 **, *층 (도남동)",,2018-08-31 23:59:59
코리아오피스,방문판매업,20121026,,취소/말소/만료/정지/중지,,,,,,,제주특별자치도 제주시 다랑곶길 ** (노형동),,2018-08-31 23:59:59
하이텔레콤제주지사,방문판매업,20080813,,취소/말소/만료/정지/중지,,,,,,제주특별자치도 제주시 노형동 ****번지 *호 동마빌딩 *층 ***호,"제주특별자치도 제주시 월랑로 **, ***호 (노형동,동마빌딩 *층)",,2018-08-31 23:59:59
지인텔,방문판매업,20080828,,취소/말소/만료/정지/중지,,,,,,제주특별자치도 제주시 용담일동 ***번지 **호 *층,"제주특별자치도 제주시 서문로 ** (용담일동,*층)",,2018-08-31 23:59:59
명품세상,방문판매업,20060427,,취소/말소/만료/정지/중지,,,,,,제주시 이도 *동 ****-*,,,2018-08-31 23:59:59
정훈그룹,방문판매업,20100716,,취소/말소/만료/정지/중지,,,,,,제주특별자치도 제주시 연동 ***번지 *호 *층,"제주특별자치도 제주시 노연로 ** (연동,*층)",,2018-08-31 23:59:59
주식회사 천상,방문판매업,20110328,,취소/말소/만료/정지/중지,,,,,,제주특별자치도 제주시 아라이동 ****번지 *호,제주특별자치도 제주시 중앙로 *** (아라이동),63246.0,2018-08-31 23:59:59
협성상사,방문판매업,20070124,,취소/말소/만료/정지/중지,,,,,,제주특별자치도 제주시 이도일동 ****번지 **호 *층,제주특별자치도 제주시 동광로*길 ** (이도일동),,2018-08-31 23:59:59
제주하나로고객서비스,방문판매업,20070718,,취소/말소/만료/정지/중지,,,,,,제주특별자치도 제주시 연동 ***번지 *호,제주특별자치도 제주시 신대로 ** (연동),,2018-08-31 23:59:59
건국유업제주점,방문판매업,20180213,,취소/말소/만료/정지/중지,,,,,,제주특별자치도 제주시 오라삼동 ****번지 *호 *층,"제주특별자치도 제주시 연미길 **, *층 (오라삼동)",63145.0,2018-08-31 23:59:59
주식회사 제주한울,방문판매업,20180220,,취소/말소/만료/정지/중지,,,,,,제주특별자치도 제주시 한림읍 동명리 ***번지 *호,제주특별자치도 제주시 한림읍 누운오름로 *,63014.0,2020-11-07 02:40:00
로하스 디시 아울렛,방문판매업,20130228,,취소/말소/만료/정지/중지,,,,,,,"제주특별자치도 제주시 월랑로**길 * (노형동, 천안빌딩)",,2018-08-31 23:59:59
행운대우자동차판매,방문판매업,19980213,,취소/말소/만료/정지/중지,,,,,,제주시 도남동 **-*,,,2018-08-31 23:59:59
서광상사,방문판매업,20110816,,취소/말소/만료/정지/중지,,,,,,제주특별자치도 제주시 건입동 ****번지 **호,제주특별자치도 제주시 동문로 **-* (건입동),,2018-08-31 23:59:59
마임삼도지사,방문판매업,20070613,,취소/말소/만료/정지/중지,,,,,,제주특별자치도 제주시 삼도일동 ***번지 *호 *층,"제주특별자치도 제주시 서광로 *** (삼도일동,*층)",,2018-08-31 23:59:59
마임일도남부지사,방문판매업,20130828,,취소/말소/만료/정지/중지,,,,,,제주특별자치도 제주시 일도이동 ***번지 **호 수은빌딩,"제주특별자치도 제주시 천수로 **, 수은빌딩 (일도이동)",63255.0,2018-12-15 02:40:00
(주)태웅,방문판매업,20130916,,취소/말소/만료/정지/중지,,,,,,,"제주특별자치도 제주시 선덕로 **-*, *층 (연동, 동성빌딩)",63134.0,2018-08-31 23:59:59
나르지오 신제주통숲,방문판매업,20131022,,취소/말소/만료/정지/중지,,,,,,,제주특별자치도 제주시 신대로 *** (연동),63122.0,2018-08-31 23:59:59
르네세,방문판매업,20131108,,취소/말소/만료/정지/중지,,,,,,,제주특별자치도 제주시 우정로 ** (외도일동),,2018-08-31 23:59:59
복내통신유통망,방문판매업,20070823,,취소/말소/만료/정지/중지,,,,,,제주특별자치도 제주시 이도일동 ****번지 *호 *층,"제주특별자치도 제주시 전농로 *** (이도일동,*층)",,2018-08-31 23:59:59
하늘정보,방문판매업,20070824,,취소/말소/만료/정지/중지,,,,,,제주특별자치도 제주시 이도일동 ****번지 *호 *층,"제주특별자치도 제주시 전농로 *** (이도일동,*층)",,2018-08-31 23:59:59
KTA,방문판매업,20070824,,취소/말소/만료/정지/중지,,,,,,제주특별자치도 제주시 이도이동 ****번지 *호 제일빌딩 *층,"제주특별자치도 제주시 연삼로 ***, *층 (이도이동, 제일빌딩)",63223.0,2019-10-26 02:40:00
아모레한라특약점,방문판매업,19981229,,취소/말소/만료/정지/중지,,,,,,제주특별자치도 제주시 삼도이동 ***번지 **호 수현빌딩 *층,"제주특별자치도 제주시 서사로 ** (삼도이동,수현빌딩 *층)",,2018-08-31 23:59:59
우리들1318,방문판매업,20060105,,취소/말소/만료/정지/중지,,,,,,제주특별자치도 제주시 이도이동 ***번지 **호 *층,"제주특별자치도 제주시 가령로 * (이도이동,*층)",,2018-08-31 23:59:59
금강상사,방문판매업,20150514,,취소/말소/만료/정지/중지,,,,,,,"제주특별자치도 제주시 임항로 **, *층 (건입동)",63277.0,2018-08-31 23:59:59
건강생활 제주지점,방문판매업,20050411,,취소/말소/만료/정지/중지,,,,,,제주시 이도 *동 ****-*,,,2018-08-31 23:59:59
건강사랑제주대리점,방문판매업,20150713,,취소/말소/만료/정지/중지,,,,,,제주특별자치도 제주시 연동 ***번지 *호 비산쉐르빌 가동 ***호,"제주특별자치도 제주시 선덕로*길 **, 가동 ***호 (연동, 비산쉐르빌)",63135.0,2019-12-25 02:40:00
삼다유통,방문판매업,20091210,,취소/말소/만료/정지/중지,,,,,,제주특별자치도 제주시 용담이동 ***번지 **호,제주특별자치도 제주시 용해로 *** (용담이동),,2018-08-31 23:59:59
디씨아울렛,방문판매업,20150824,,취소/말소/만료/정지/중지,,,,,,제주특별자치도 제주시 한림읍 한림리 ***번지 *호,"제주특별자치도 제주시 한림읍 한림중앙로 **, *층",63032.0,2018-08-31 23:59:59
해피월드,방문판매업,20080930,,취소/말소/만료/정지/중지,,,,,,,"제주특별자치도 제주시 조천읍 신북로 ***, *층",63331.0,2018-08-31 23:59:59
포근한세상,방문판매업,20111108,,취소/말소/만료/정지/중지,,,,,,제주특별자치도 제주시 화북*동 ****번지 *호 지하*층,"제주특별자치도  일주동로 ***, 지하*층",,2018-08-31 23:59:59
(주)제주평화추모공원,방문판매업,20111109,,취소/말소/만료/정지/중지,,,,,,제주특별자치도 제주시 노형동 ****번지 **호 갤러리빌딩 *층,"제주특별자치도 제주시 도령로 **, *층 (노형동)",63098.0,2018-08-31 23:59:59
주식회사 내추럴삼다,방문판매업,20111115,,취소/말소/만료/정지/중지,,,,,,제주특별자치도 제주시 연동 ***번지 **호 *층,"제주특별자치도 제주시 신대로 ***, *층 (연동)",,2018-08-31 23:59:59
나노플러스,방문판매업,20111118,,취소/말소/만료/정지/중지,,,,,,제주특별자치도 제주시 용담*동 ***번지 *호,제주특별자치도 제주시 서문로 ** (용담일동),,2018-08-31 23:59:59
삼풍메디칼,방문판매업,20100311,,취소/말소/만료/정지/중지,,,,,,제주특별자치도 제주시 일도일동 ****번지 **호 *층,"제주특별자치도 제주시 중앙로**길 **-*, *층 (일도일동)",,2018-08-31 23:59:59
모녀상사,방문판매업,20090827,,취소/말소/만료/정지/중지,,,,,,제주특별자치도 제주시 이도이동 ****번지 *호 ***호,"제주특별자치도 제주시 광양**길 **, ***호 (이도이동)",,2018-08-31 23:59:59
주식회사 지앤피코리아,방문판매업,20091006,,취소/말소/만료/정지/중지,,,,,,제주특별자치도 제주시 삼도이동 ***번지 진도빌딩 *층,"제주특별자치도 제주시 남성로**길 ** (삼도이동,진도빌딩 *층)",,2018-08-31 23:59:59
스카이나인,방문판매업,20091022,,취소/말소/만료/정지/중지,,,,,,제주특별자치도 제주시 노형동 ****번지 *호 아란야플라자*층,"제주특별자치도 제주시 월랑로*길 * (노형동,아란야플라자*층)",,2018-08-31 23:59:59
삼성메디칼,방문판매업,20091111,,취소/말소/만료/정지/중지,,,,,,제주특별자치도 제주시 한경면 신창리 ***번지 *호,제주특별자치도 제주시 한경면 신한로 **,,2018-08-31 23:59:59
한성실업,방문판매업,20080926,,취소/말소/만료/정지/중지,,,,,,제주특별자치도 제주시 일도일동 ****번지,제주특별자치도 제주시 신산로 * (일도일동),,2018-08-31 23:59:59
나르지오 워킹화 제주판매센터,방문판매업,20120725,,취소/말소/만료/정지/중지,,,,,,제주특별자치도 제주시 연동 ****번지 *호 대원빌라*차 ***호,"제주특별자치도 제주시 도령로**길 **-*, ***호 (연동, 대원빌라*차)",63126.0,2018-08-31 23:59:59
태성기획,방문판매업,20120809,,취소/말소/만료/정지/중지,,,,,,제주특별자치도 제주시 이도*동 ****번지 *호,제주특별자치도 제주시 중앙로**길 * (이도일동),,2018-08-31 23:59:59
희망통신,방문판매업,20120918,,취소/말소/만료/정지/중지,,,,,,제주특별자치도 제주시 노형동 ***번지 **호 ***,"제주특별자치도 제주시 진군*길 **, ***호 (노형동)",,2018-08-31 23:59:59
(주)디지털스페이스,방문판매업,20080116,,취소/말소/만료/정지/중지,,,,,,제주특별자치도 제주시 삼도이동 ***번지 *호,제주특별자치도 제주시 서사로 ** (삼도이동),,2018-08-31 23:59:59
마임제주삼도중부지사,방문판매업,20150209,,취소/말소/만료/정지/중지,,,,,,제주특별자치도 제주시 삼도일동 ***-**,"제주특별자치도 제주시 서광로 ***, *층 (삼도일동)",63182.0,2025-05-10 02:40:00
해피아울렛,방문판매업,20150713,,취소/말소/만료/정지/중지,,,,,,"제주특별자치도 제주시 이도이동 ****번지 **호 아람빌딩 *, *층","제주특별자치도 제주시 신성로**길 **, 아람빌딩 *, *층 (이도이동)",63206.0,2020-05-06 02:40:00
한라이벤트,방문판매업,20060410,,취소/말소/만료/정지/중지,,,,,,제주특별자치도 제주시 삼도일동 ***번지 서사라시장 *층,,,2018-08-31 23:59:59
조이인터내셔널(주),방문판매업,20070920,,취소/말소/만료/정지/중지,,,,,,제주특별자치도 제주시 노형동 ****번지 *호 단일빌딩 *층,"제주특별자치도 제주시 노형로 *** (노형동,단일빌딩 *층)",,2018-08-31 23:59:59
한라이벤트,방문판매업,20071221,,취소/말소/만료/정지/중지,,,,,,제주특별자치도 제주시 구좌읍 세화리 ****번지 *호,제주특별자치도 제주시 구좌읍 세화**길 *,,2018-08-31 23:59:59
한국OH,방문판매업,20070621,,취소/말소/만료/정지/중지,,,,,,제주특별자치도 제주시 연동 ***번지 *호 *층,"제주특별자치도 제주시 신광로 ** (연동,*층)",,2018-08-31 23:59:59
바이온텍의료기,방문판매업,20020801,,취소/말소/만료/정지/중지,,,,,,제주시 이도 *동 ****-**동광빌딩 *층,,,2018-08-31 23:59:59
대우자동차서제주영업소,방문판매업,20020918,,취소/말소/만료/정지/중지,,,,,,제주시 용담 *동 ****,제주특별자치도 제주시 서광로 ** (용담이동),,2018-08-31 23:59:59
케이엠피시제주대리점,방문판매업,20030805,,취소/말소/만료/정지/중지,,,,,,제주특별자치도 제주시 애월읍 고성리 ****번지 *호,제주특별자치도 제주시 애월읍 고성*길 *-*,,2018-08-31 23:59:59
지안컴퍼니,방문판매업,20160308,,취소/말소/만료/정지/중지,,,,20180706.0,,제주특별자치도 제주시 조천읍 조천리 ****번지 *호 일이삼타운 ***호,"제주특별자치도 제주시 조천읍 조천북*길 **, 일이삼타운 ***호",63331.0,2021-09-08 02:40:00
와이제이 로하스,방문판매업,20180716,,취소/말소/만료/정지/중지,,,,,,제주특별자치도 제주시 삼도이동 ***번지 *호 *층,"제주특별자치도 제주시 관덕로*길 **, *층 (삼도이동)",63168.0,2019-05-15 02:40:00
㈜밥고래푸드,방문판매업,20070110,,취소/말소/만료/정지/중지,,,,,,제주시 추자면 신양리 ***-*,,,2018-08-31 23:59:59
주식회사 보탬네트웍스,방문판매업,20160127,,취소/말소/만료/정지/중지,,,,,,제주특별자치도 제주시 이도이동 ****번지 *호 ***호,"제주특별자치도 제주시 구남동*길 **-*, ***호 (이도이동)",63232.0,2018-08-31 23:59:59
해피 아울렛,방문판매업,20160531,,취소/말소/만료/정지/중지,,,,,,,"제주특별자치도 제주시 동광로 ***-*, *층 (일도이동, 평화다세대)",63275.0,2018-08-31 23:59:59
진솔주식회사,방문판매업,20161205,,취소/말소/만료/정지/중지,,,,,,,제주특별자치도 제주시 남성로 **-* (용담일동),63174.0,2018-08-31 23:59:59
주식회사 포인트이노베이션,방문판매업,20171113,,취소/말소/만료/정지/중지,,,,,,제주특별자치도 제주시 삼도일동 ***번지 **호 *층,"제주특별자치도 제주시 서광로 ***, *층 (삼도일동)",63183.0,2018-11-07 02:37:43
비즈 기가토피아,방문판매업,20140804,,취소/말소/만료/정지/중지,,,,,,,제주특별자치도 제주시 원남*길 ** (도남동),63234.0,2018-08-31 23:59:59
(주)제이웰그린,방문판매업,20190930,,취소/말소/만료/정지/중지,,,,,,제주특별자치도 제주시 아라일동 ***번지 *호,제주특별자치도 제주시 제주대학로 ** (아라일동),63243.0,2020-06-04 02:40:00
윤선생 영어교실,방문판매업,20191224,,취소/말소/만료/정지/중지,,,,,,제주특별자치도 제주시 한경면 저지리 ****번지,"제주특별자치도 제주시 한경면 연명로 ***-*, ***호",63005.0,2021-09-02 02:40:00
주름펴는손 인셀덤울진점,방문판매업,20200210,,취소/말소/만료/정지/중지,,,,,,제주특별자치도 제주시 이도일동 ****번지 *호 광양미화연립주택,"제주특별자치도 제주시 서광로**길 **, *층 ***호 (이도일동, 광양미화연립주택)",63198.0,2020-07-30 02:40:00
꿈의 인셀덤,방문판매업,20200129,,취소/말소/만료/정지/중지,,,,,,제주특별자치도 제주시 연동 ***번지 **호,"제주특별자치도 제주시 신광로 **, **층 ****호 (연동)",63132.0,2020-06-05 02:40:00
린다컴온,방문판매업,20230324,,취소/말소/만료/정지/중지,,,,,,제주특별자치도 제주시 외도일동 ***-* 좋은하루빌,"제주특별자치도 제주시 우정로*길 **-*, ***호 (외도일동, 좋은하루빌)",63070.0,2025-04-09 02:40:00
제주남부가온지사,방문판매업,20201030,,취소/말소/만료/정지/중지,,,,,,제주특별자치도 제주시 이도이동 **** 전원파크맨션,"제주특별자치도 제주시 신성로**길 **, *층 ***호 (이도이동, 전원파크맨션)",63206.0,2024-03-27 02:40:00
이설희 코스메틱,방문판매업,20220926,,취소/말소/만료/정지/중지,,,,,,제주특별자치도 제주시 이도이동 ****-*,"제주특별자치도 제주시 구남동*길 **, ***호 (이도이동)",63231.0,2023-12-06 02:40:00
임지선 코스메틱,방문판매업,20220926,,취소/말소/만료/정지/중지,,,,,,제주특별자치도 제주시 애월읍 하귀*리 ***-* 파스텔빌리지,"제주특별자치도 제주시 애월읍 하광로 ***, ***동 ***호 (파스텔빌리지)",63059.0,2023-12-06 02:40:00
제주쏠베라,방문판매업,20210330,,취소/말소/만료/정지/중지,,,,,,,"제주특별자치도 제주시 애월읍 하귀*길 **, ***동 ****호 (제주하귀휴먼시아*단지)",63054.0,2023-05-26 08:48:36
바다닥터 제주한라,방문판매업,20220801,,취소/말소/만료/정지/중지,,,,,,제주특별자치도 제주시 연동 ****-* 연동 엘리시아 아파트,"제주특별자치도 제주시 도령로**길 *, *층 (연동, 연동 엘리시아 아파트)",63126.0,2024-03-29 02:40:00
한라명품관,방문판매업,20090420,,취소/말소/만료/정지/중지,,,,,,제주특별자치도 제주시 한림읍 한림리 ****번지 *호,제주특별자치도 제주시 한림읍 한림중앙로 **,,2018-08-31 23:59:59
주식회사 글로벌탑익스체인지,방문판매업,20181212,,취소/말소/만료/정지/중지,,,,,,제주특별자치도 제주시 아라일동 ****번지 *호 아라지엘지 *층 B-**호,"제주특별자치도 제주시 아란*길 **-*, 아라지엘지 *층 B-**호 (아라일동)",63237.0,2019-05-15 02:40:00
주식회사 디에이치골프멤버쉽,방문판매업,20231026,,취소/말소/만료/정지/중지,,,,,,제주특별자치도 제주시 노형동 ***-*,"제주특별자치도 제주시 원노형남*길 **, *층 ***호 (노형동)",63082.0,2025-07-12 02:40:00
서귀포마임대천지사,방문판매업,20190313,,영업/정상,,,,,,제주특별자치도 서귀포시 월평동 ***,제주특별자치도 서귀포시 월평로 **-*(월평동),63562.0,2021-10-10 02:40:00
현대서귀중앙 판매대리점,방문판매업,19991213,,영업/정상,,,,,,제주특별자치도 서귀포시 토평동 ***번지 *호,제주특별자치도 서귀포시 일주동로 **** (토평동),63598.0,2020-04-19 02:40:00
현대제주성산 판매대리점,방문판매업,19991209,,영업/정상,,,,,,성산읍 고성리 ****-**,제주특별자치도 서귀포시 성산읍 일주동로 ****,699901.0,2018-08-31 23:59:59
안덕농업협동조합,방문판매업,20171123,,영업/정상,,,,,,제주특별자치도 서귀포시 안덕면 화순리 ****번지 *호 안덕농협,제주특별자치도 서귀포시 안덕면 화순로 ***,63530.0,2018-08-31 23:59:59
중문농수산영농조합법인,방문판매업,20130313,,영업/정상,,,,,,제주특별자치도 서귀포시 색달동 ****번지 *호,제주특별자치도 서귀포시 천제연로 ** (색달동),697807.0,2018-08-31 23:59:59
중문농업협동조합,방문판매업,20171121,,영업/정상,,,,,,제주특별자치도 서귀포시 중문동 ****번지 중문농협,제주특별자치도 서귀포시 천제연로 *** (중문동),63545.0,2018-08-31 23:59:59
표선농업협동조합,방문판매업,20180704,,영업/정상,,,,,,제주특별자치도 서귀포시 표선면 표선리 ***,제주특별자치도 서귀포시 표선면 표선동서로 ***,63629.0,2025-08-23 02:40:00
삼화통신(주),방문판매업,20170206,,영업/정상,,,,,,제주특별자치도 서귀포시 서귀동 ***번지 *호,"제주특별자치도 서귀포시 중앙로 ** (서귀동, SK텔레콤)",63591.0,2018-08-31 23:59:59
남양유업서귀포가정대리점,방문판매업,20170626,,영업/정상,,,,,,제주특별자치도 서귀포시 동홍동 ****번지 서귀포공사,"제주특별자치도 서귀포시 중산간동로 ****, 서귀포공사 (동홍동)",63586.0,2018-08-31 23:59:59
서귀포시축산업협동조합,방문판매업,20171116,,영업/정상,,,,,,제주특별자치도 서귀포시 동홍동 ***번지 *호,제주특별자치도 서귀포시 일주동로 **** (동홍동),63587.0,2019-06-27 02:40:00
성산일출봉농업협동조합,방문판매업,20171121,,영업/정상,,,,,,제주특별자치도 서귀포시 성산읍 고성리 ****번지 *호 성산일출봉농협 하나로마트,제주특별자치도 서귀포시 성산읍 일주동로 ****,63641.0,2025-04-09 02:40:00
제주감귤농업협동조합,방문판매업,20171121,,영업/정상,,,,,,제주특별자치도 서귀포시 강정동 ***번지 제주감귤농협,제주특별자치도 서귀포시 신중로 ** (강정동),63566.0,2019-05-19 02:40:00
주식회사 수림,방문판매업,20180222,,영업/정상,,,,,,제주특별자치도 서귀포시 중문동 ****번지 탑스빌,"제주특별자치도 서귀포시 천제연로***번길 **-**, *층 ***호 (중문동, 탑스빌)",63546.0,2018-08-31 23:59:59
윤선생영어교실,방문판매업,20180518,,영업/정상,,,,,,제주특별자치도 서귀포시 동홍동 ***번지 *호,제주특별자치도 서귀포시 문부로 * (동홍동),63589.0,2020-04-08 02:40:00
헬렌스킨케어,방문판매업,20220316,,영업/정상,,,,,,제주특별자치도 서귀포시 대정읍 상모리 ****-*,제주특별자치도 서귀포시 대정읍 상모로 ***,63510.0,2022-11-02 02:40:00
아이쿡뉴레파의료기,방문판매업,20220318,,영업/정상,,,,,,제주특별자치도 서귀포시 서귀동 ***-**,제주특별자치도 서귀포시 중앙로 **(서귀동),63591.0,2022-03-20 00:22:35
현대제주신화판매대리점,방문판매업,20240524,,영업/정상,,,,,,,제주특별자치도 서귀포시 안덕면 신화역사로 ***,63523.0,2024-05-29 00:14:27
마임 서귀포 대정지사,방문판매업,20230303,,영업/정상,,,,,,제주특별자치도 서귀포시 대정읍 하모리 ****-**,"제주특별자치도 서귀포시 대정읍 하모중앙로**번길 **, ***호",63507.0,2023-03-08 00:41:12
마임,방문판매업,20230314,,영업/정상,,,,,,제주특별자치도 서귀포시 동홍동 ****-*,제주특별자치도 서귀포시 중산간동로****번길 *(동홍동),63586.0,2023-03-16 00:41:27
와이제이 다온 모슬포점,방문판매업,20221101,,영업/정상,,,,20230220.0,,제주특별자치도 서귀포시 대정읍 하모리 ****-**,"제주특별자치도 서귀포시 대정읍 동일하모로 ***, 지하*층",63508.0,2024-12-18 02:40:00
행복샵,방문판매업,20230220,,영업/정상,,,,,,제주특별자치도 서귀포시 동홍동 ***-*,"제주특별자치도 서귀포시 동홍북로 **-**, B동 ***호 (동홍동)",63586.0,2023-02-22 00:41:12
세원통신,방문판매업,20210909,,영업/정상,,,,,,제주특별자치도 서귀포시 강정동 ***-*,"제주특별자치도 서귀포시 월드컵로 *, ***-*호 (강정동)",63560.0,2023-04-20 02:40:00
세원H&C,방문판매업,20210909,,영업/정상,,,,,,제주특별자치도 서귀포시 법환동 ***-*,"제주특별자치도 서귀포시 이어도로 ***, *층 (법환동)",63573.0,2021-09-11 00:22:49
해피안힐링센터 제주지점,방문판매업,20130924,,영업/정상,,,,20170705.0,,제주특별자치도 서귀포시 대정읍 하모리 ***-*,"제주특별자치도 서귀포시 대정읍 신영로 ***-*, *층",63510.0,2025-05-30 02:40:00
코웨이 제주월드 대리점,방문판매업,20220913,,영업/정상,,,,,,제주특별자치도 서귀포시 토평동 ****-*,"제주특별자치도 서귀포시 토평로**번길 **, ***호 (토평동)",63604.0,2023-09-13 02:40:00
남양유업 서귀포대리점,방문판매업,20250416,,영업/정상,,,,,,제주특별자치도 서귀포시 동홍동 ***-*,제주특별자치도 서귀포시 동홍중앙로 **-* (동홍동),63587.0,2025-04-19 00:10:02
매일유업 서귀포DS 가정대리점,방문판매업,20250416,,영업/정상,,,,,,제주특별자치도 서귀포시 동홍동 ***-*,제주특별자치도 서귀포시 동홍중앙로 **-* (동홍동),63587.0,2025-04-19 00:10:02
매일유업서귀포DS가정대리점,방문판매업,20220721,,영업/정상,,,,,,제주특별자치도 서귀포시 동홍동 ***-*,"제주특별자치도 서귀포시 태평로***번길 **-*, *층 (동홍동)",63589.0,2022-07-23 00:22:29
하보,방문판매업,20220803,,영업/정상,,,,,,제주특별자치도 서귀포시 서홍동 ****-**,제주특별자치도 서귀포시 중산간동로 ****-**(서홍동),63578.0,2022-08-05 00:22:28
연세우유 서귀포대리점,방문판매업,20180904,,영업/정상,,,,,,제주특별자치도 서귀포시 동홍동 ***번지 *호 현대세탁,"제주특별자치도 서귀포시 동홍남로 **, 현대세탁 (동홍동)",63587.0,2018-10-09 15:19:31
매일유업서부DS가정대리점,방문판매업,20181203,,영업/정상,,,,,,제주특별자치도 서귀포시 대정읍 인성리 ***번지 *호,제주특별자치도 서귀포시 대정읍 추사로 **,63520.0,2018-12-05 02:20:07
현대제주표선판매대리점,방문판매업,20241219,,영업/정상,,,,,,제주특별자치도 서귀포시 표선면 토산리 ***-*,제주특별자치도 서귀포시 표선면 일주동로 ****,63626.0,2024-12-21 00:11:33
에스엠스카이,방문판매업,20250115,,영업/정상,,,,,,제주특별자치도 서귀포시 서호동 ***,"제주특별자치도 서귀포시 중산간동로 ****, ***호 (서호동)",63569.0,2025-01-18 00:11:10
건국우유.햄 서귀포대리점,방문판매업,20190211,,폐업,20240201.0,,,,,,"제주특별자치도 서귀포시 동홍서로 **, *층 (동홍동)",63589.0,2024-02-03 02:40:00
마임광장지사,방문판매업,20190225,,폐업,20230328.0,,,,,제주특별자치도 서귀포시 서홍동 ***번지 **호,제주특별자치도 서귀포시 일주동로 **** (서홍동),63584.0,2023-03-30 02:40:00
마임서귀포중부지사,방문판매업,20190222,,폐업,20241223.0,,,,,제주특별자치도 서귀포시 서홍동 ***-**,"제주특별자치도 서귀포시 일주동로 ****, *층 (서홍동)",63584.0,2024-12-25 02:40:00
마임 서귀동부지사,방문판매업,20011101,,폐업,20100917.0,,,,,서귀포시 서홍동 ***-**,,,2018-08-31 23:59:59
윤선생영어 서귀포센터,방문판매업,20011227,,폐업,20180514.0,,,,,제주특별자치도 서귀포시 강정동 ***번지 *호,"제주특별자치도 서귀포시 대청로 **, *층 ***호 (강정동, 블루빌딩)",63559.0,2018-08-31 23:59:59
태평양서귀포 특약점,방문판매업,20041022,,폐업,20130913.0,,,,,제주특별자치도 서귀포시 서귀동 ***번지 *호,제주특별자치도 서귀포시 중앙로**번길 ** (서귀동),,2018-08-31 23:59:59
아모레남제주 특약점,방문판매업,20041208,,폐업,20130913.0,,,,,제주특별자치도 서귀포시 서귀동 ***번지 *호,제주특별자치도 서귀포시 중정로 *** (서귀동),697842.0,2018-08-31 23:59:59
르노삼성자동차 서귀포대리점,방문판매업,20051024,,폐업,20151030.0,,,,,제주특별자치도 서귀포시 동홍동 ***번지 *호,제주특별자치도 서귀포시 일주동로 **** (동홍동),697835.0,2018-08-31 23:59:59
J&J 인터내셔널,방문판매업,20060316,,폐업,20090618.0,,,,,남원읍 태흥 *,,,2018-08-31 23:59:59
삼성메디칼,방문판매업,20080930,,폐업,20090618.0,,,,,제주특별자치도 서귀포시 서귀동 ***번지 **호 태성빌딩 *층,"제주특별자치도 서귀포시 동문로 ** (서귀동,태성빌딩 *층)",,2018-08-31 23:59:59
(주)동부레져,방문판매업,20081103,,폐업,20131001.0,,,,,제주특별자치도 서귀포시 표선면 성읍리 ****번지,제주특별자치도 서귀포시 표선면 번영로 ****,,2018-08-31 23:59:59
아모레성산특약점,방문판매업,20090520,,폐업,20110719.0,,,,,제주특별자치도 서귀포시 성산읍 고성리 ****번지 *호,제주특별자치도 서귀포시 성산읍 고성오조로 **,,2018-08-31 23:59:59
삼우에너지,방문판매업,20090520,,폐업,20100915.0,,,,,제주특별자치도 서귀포시 동홍동 ****번지 *호 *통 *반,,,2018-08-31 23:59:59
(주)청인팜 제주 서귀포 대리점,방문판매업,20101130,,폐업,20120223.0,,,,,제주특별자치도 서귀포시 대정읍 하모리 ****번지 *호,제주특별자치도 서귀포시 대정읍 하모이삼로**번길 **,,2018-08-31 23:59:59
윤선생영어숲대정어학원,방문판매업,20101220,,폐업,20140120.0,,,,,제주특별자치도 서귀포시 대정읍 하모리 ***번지 *호 *층,제주특별자치도 서귀포시 대정읍 신영로 ***-* (*층),,2018-08-31 23:59:59
마임광장지사,방문판매업,20110302,,폐업,20130801.0,,,,,제주특별자치도 서귀포시 서홍동 ***번지 **호,제주특별자치도 서귀포시 일주동로 **** (서홍동),,2018-08-31 23:59:59
신인상사,방문판매업,20130321,,폐업,20130820.0,,,,,,제주특별자치도 서귀포시 중앙로 ** (서귀동),697842.0,2018-08-31 23:59:59
한국야쿠르트 서귀포점,방문판매업,20130830,,폐업,20150520.0,,,,,,제주특별자치도 서귀포시 중동로**번길 * (서귀동),697843.0,2018-08-31 23:59:59
(주)로제트 남원점,방문판매업,20131029,,폐업,20150202.0,,,,,제주특별자치도 서귀포시 남원읍 남원리 ***번지 *호,"제주특별자치도 서귀포시 남원읍 태위로 ***, *층",699941.0,2018-08-31 23:59:59
제주이수만남,방문판매업,20171211,,폐업,20180611.0,,,,,제주특별자치도 서귀포시 대정읍 보성리 ****번지 **호,"제주특별자치도 서귀포시 대정읍 글로벌에듀로 ***, 에듀타운 A동 ***호",63644.0,2018-08-31 23:59:59
마임서귀포중부지사,방문판매업,20111006,,폐업,20130801.0,,,,,제주특별자치도 서귀포시 서귀동 ***번지 *호,제주특별자치도 서귀포시 동문로 * (서귀동),697843.0,2018-08-31 23:59:59
모닝글로리서귀포점,방문판매업,20111128,,폐업,20150121.0,,,,,제주특별자치도 서귀포시 서귀동 ***번지 *호,제주특별자치도 서귀포시 중앙로 ** (서귀동),697843.0,2018-08-31 23:59:59
에벤에셀 국제결혼,방문판매업,20120704,,폐업,20130405.0,,,,,,제주특별자치도 서귀포시 천제연로 *** (중문동),697857.0,2018-08-31 23:59:59
포근한세상,방문판매업,20120710,,폐업,20121217.0,,,,,,제주특별자치도 서귀포시 표선면 표선관정로 ***,699914.0,2018-08-31 23:59:59
서귀포지사 예은화장품,방문판매업,20120719,,폐업,20130705.0,,,,,,"제주특별자치도 서귀포시 일주동로 ****, *층 (서홍동)",697080.0,2018-08-31 23:59:59
누리,방문판매업,20120914,,폐업,20160120.0,,,,,,제주특별자치도 서귀포시 표선면 표선동서로 ***,699915.0,2018-08-31 23:59:59
삼풍메디컬,방문판매업,20150129,,폐업,20150330.0,,,,,,제주특별자치도 서귀포시 천제연로***번길 ** (중문동),697857.0,2018-08-31 23:59:59
훼밀리국제결혼,방문판매업,20130325,,폐업,20160401.0,,,,,,제주특별자치도 서귀포시 태평로 *** (동홍동),697835.0,2018-08-31 23:59:59
웰빙플러스,방문판매업,20130617,,폐업,20141107.0,,,,,,제주특별자치도 서귀포시 중앙로**번길 ** (서귀동),697843.0,2018-08-31 23:59:59
아이비텔레콤,방문판매업,20150518,,폐업,20160411.0,,,,,제주특별자치도 서귀포시 하효동,제주특별자치도 서귀포시 하효중앙로 ** (하효동),697030.0,2018-08-31 23:59:59
땅기기 화상영어 원격학원,방문판매업,20150604,,폐업,20190430.0,,,,,제주특별자치도 서귀포시 대정읍 일과리,제주특별자치도 서귀포시 대정읍 노을해안로 **,699932.0,2019-05-02 02:40:00
로하스,방문판매업,20150715,,폐업,20151215.0,,,,,제주특별자치도 서귀포시 대정읍 하모리 ****번지 **호,"제주특별자치도 서귀포시 대정읍 동일하모로 ***, *층 (영성가든)",63508.0,2018-08-31 23:59:59
엘레자 코리아,방문판매업,20160601,,폐업,20161201.0,,,,,제주특별자치도 서귀포시 서귀동 ***번지 *호 선경오피스텔,"제주특별자치도 서귀포시 중정로 ***, *층 ***호 (서귀동, 선경오피스텔)",63590.0,2018-08-31 23:59:59
샤이나(shaina),방문판매업,20071030,,폐업,20080529.0,,,,,제주특별자치도 서귀포시 동홍동 ***번지 *호,제주특별자치도 서귀포시 동홍서로 **-** (동홍동),,2018-08-31 23:59:59
서귀포농업협동조합,방문판매업,20171122,,폐업,20221026.0,,,,,제주특별자치도 서귀포시 서귀동 ***번지 **호 서귀포농협,제주특별자치도 서귀포시 중앙로 ** (서귀동),63592.0,2022-10-28 02:40:00
성산통신,방문판매업,20180529,,폐업,20180705.0,,,,,제주특별자치도 서귀포시 성산읍 고성리 ****번지 *호,제주특별자치도 서귀포시 성산읍 고성동서로**번길 **,63640.0,2018-08-31 23:59:59
성산통신,방문판매업,20180605,,폐업,20190114.0,,,,,제주특별자치도 서귀포시 성산읍 고성리 ****번지,제주특별자치도 서귀포시 성산읍 산성효자로***번길 *,63640.0,2019-01-17 02:40:00
가온모바일,방문판매업,20160108,,폐업,20250115.0,,,,,제주특별자치도 서귀포시 서귀동 ***번지 *호,제주특별자치도 서귀포시 중앙로**번길 * (서귀동),63591.0,2025-01-19 02:40:00
애선양행,방문판매업,20170210,,폐업,20191114.0,,,,,제주특별자치도 서귀포시 서귀동 ***번지 *호 ***호,"제주특별자치도 서귀포시 중앙로**번길 *-**, *층 (서귀동, 꽃나래 의상실)",63591.0,2019-11-16 02:40:00
다온,방문판매업,20170511,,폐업,20180615.0,,,,,제주특별자치도 서귀포시 성산읍 고성리 ***번지 *호,제주특별자치도 서귀포시 성산읍 고성오조로 **,63640.0,2018-08-31 23:59:59
매일유업 서귀포DS 가정대리점,방문판매업,20170717,,폐업,20190801.0,,,,,제주특별자치도 서귀포시 동홍동 ***번지 *호 황금오리,"제주특별자치도 서귀포시 태평로***번길 **-*, 황금오리 (동홍동)",63589.0,2019-08-03 02:40:00
와이제이 로하스,방문판매업,20170717,,폐업,20171121.0,,,,,,"제주특별자치도 서귀포시 중정로**번길 **, *층 (서귀동)",63591.0,2018-08-31 23:59:59
알즈너한라대리점,방문판매업,20130321,,폐업,20140128.0,,,,,,"제주특별자치도 서귀포시 중앙로 ***-*, ***동 ***호 (동홍동,동홍*주공아파트)",697706.0,2018-08-31 23:59:59
여성D.C아울렛&BEM코리아,방문판매업,20171221,,폐업,20211102.0,,,,,제주특별자치도 서귀포시 서귀동 ***번지 **호 고려주단,"제주특별자치도 서귀포시 중앙로**번길 **, 고려주단 *층 (서귀동)",63591.0,2021-11-04 02:40:00
건국우유 서귀포대리점,방문판매업,20180125,,폐업,20190311.0,,,,,제주특별자치도 서귀포시 동홍동 ***번지 *호,제주특별자치도 서귀포시 동홍서로 ** (동홍동),63589.0,2019-03-13 02:40:00
아이쿡 홀쇼핑,방문판매업,20190325,,폐업,20210524.0,,,,,제주특별자치도 서귀포시 서귀동 ***번지 **호,"제주특별자치도 서귀포시 중앙로 **, *층 (서귀동)",63592.0,2021-05-26 02:40:00
매일유업서귀포DS가정대리점,방문판매업,20190821,,폐업,20200410.0,,,,,제주특별자치도 서귀포시 동홍동 ***번지 *호 황금오리,"제주특별자치도 서귀포시 태평로***번길 **-*, 황금오리 (동홍동)",63589.0,2020-04-12 02:40:00
인셀덤 제주,방문판매업,20191029,,폐업,20200320.0,,,,,제주특별자치도 서귀포시 대정읍 하모리 ***번지 *호 수아알뜰사랑,"제주특별자치도 서귀포시 대정읍 하모중앙로 **-*, 수아알뜰사랑",63508.0,2020-03-22 02:40:00
서준정보통신,방문판매업,20191015,,폐업,20200228.0,,,,,제주특별자치도 서귀포시 하효동 ***번지 탐라수퍼,"제주특별자치도 서귀포시 칠십리로 ***, 탐라수퍼 *층 (하효동)",63601.0,2020-03-01 02:40:00
매일유업 서귀포DS 가정대리점,방문판매업,20191024,,폐업,20201008.0,,,,,제주특별자치도 서귀포시 동홍동 ***번지 *호 황금오리,"제주특별자치도 서귀포시 태평로***번길 **-*, 황금오리 (동홍동)",63589.0,2020-10-10 02:40:00
와이제이,방문판매업,20180307,,폐업,20200629.0,,,,,제주특별자치도 서귀포시 표선면 표선리 ***번지,"제주특별자치도 서귀포시 표선면 표선동서로 ***, *층 ***호",63629.0,2020-07-01 02:40:00
종근당건강헬스벨스토리서귀포중앙점,방문판매업,20220225,,폐업,20250314.0,,,,,제주특별자치도 서귀포시 동홍동 ****-*,제주특별자치도 서귀포시 중앙로 ***-*(동홍동),63585.0,2025-03-19 02:40:00
인셀덤 한라,방문판매업,20200228,,폐업,20221230.0,,,,,제주특별자치도 서귀포시 동홍동 ***번지 **호,제주특별자치도 서귀포시 중산간동로 **** (동홍동),63579.0,2023-01-01 02:40:00
와따봉386포차,방문판매업,20200228,,폐업,20200616.0,,,,,제주특별자치도 서귀포시 서귀동 ***번지 **호,제주특별자치도 서귀포시 동문동로**번길 ** (서귀동),63591.0,2020-06-18 02:40:00
미앤미인셀덤,방문판매업,20200309,,폐업,20200417.0,,,,,제주특별자치도 서귀포시 서귀동 ***번지 *호,제주특별자치도 서귀포시 천지연로**번길 *-* (서귀동),63596.0,2020-04-19 02:40:00
미셀,방문판매업,20200302,,폐업,20200708.0,,,,,제주특별자치도 서귀포시 서호동 ****번지 서귀포혁신 사랑으로 부영아파트,"제주특별자치도 서귀포시 서호남로 **, ***동 ***호 (서호동, 서귀포혁신 사랑으로 부영아파트)",63568.0,2020-07-10 02:40:00
브니엘인셀덤,방문판매업,20200305,,폐업,20200918.0,,,,,,"제주특별자치도 서귀포시 대청로 **, ***동 ***호 (강정동, 서귀포강정골드클래스)",63559.0,2020-09-23 02:40:00
이든네이처서귀포남원지사,방문판매업,20180821,,폐업,20250225.0,,,,,제주특별자치도 서귀포시 남원읍 하례리 **번지 *호,제주특별자치도 서귀포시 남원읍 하례망장포로 **,63613.0,2025-02-28 02:40:00
서귀포녹즙,방문판매업,20200330,,폐업,20230314.0,,,,,제주특별자치도 서귀포시 동홍동 ****번지 *호,제주특별자치도 서귀포시 중산간동로****번길 * (동홍동),63586.0,2023-03-16 02:40:00
주식회사 퍼렉트,방문판매업,20200604,,폐업,20210706.0,,,,,제주특별자치도 서귀포시 중문동 ****번지 *호,"제주특별자치도 서귀포시 중문상로 **-*, 중문스마트빌 *층 ***호 (중문동)",63545.0,2021-07-08 02:40:00
로하스애버,방문판매업,20230316,,폐업,20230817.0,,,,,제주특별자치도 서귀포시 서귀동 ***-** 남주 오피스텔,"제주특별자치도 서귀포시 중정로**번길 **, 남주 오피스텔 *층 (서귀동)",63591.0,2023-08-20 02:40:00
종근당건강 헬스벨스토리 서귀포중앙점,방문판매업,20210720,,폐업,20220225.0,,,,,제주특별자치도 서귀포시 서귀동 ***-**,"제주특별자치도 서귀포시 동홍로 **, *층 (서귀동)",63590.0,2022-02-27 02:40:00
매일유업서귀포DS대리점,방문판매업,20201008,,폐업,20220720.0,,,,,제주특별자치도 서귀포시 동홍동 ***-* 황금오리,"제주특별자치도 서귀포시 태평로***번길 **-*, 황금오리 *층 (동홍동)",63589.0,2022-07-22 02:40:00
청솔상사,방문판매업,20220621,,폐업,20230317.0,,,,,제주특별자치도 서귀포시 서귀동 ***-** 남주 오피스텔,"제주특별자치도 서귀포시 중정로**번길 **, 남주 오피스텔 *층 (서귀동)",63591.0,2023-03-19 02:40:00
튼튼영어,방문판매업,20030211,,취소/말소/만료/정지/중지,,,,,,제주특별자치도 서귀포시 동홍동 **번지 **호,제주특별자치도 서귀포시 동홍북로 ** (동홍동),697834.0,2019-04-19 02:40:00
오휘화장품,방문판매업,20040914,,취소/말소/만료/정지/중지,,,,,,서귀포시 서귀동 ***-*,,,2018-08-31 23:59:59
인준상사,방문판매업,20080422,,취소/말소/만료/정지/중지,,,,,,제주특별자치도 서귀포시 서귀동 ***번지 *호 해인빌딩 *층,"제주특별자치도 서귀포시 서문로 * (서귀동,해인빌딩 *층)",,2018-08-31 23:59:59
하치노코리아,방문판매업,20080609,,취소/말소/만료/정지/중지,,,,,,제주특별자치도 서귀포시 동홍동 ***번지 *호 *층,"제주특별자치도 서귀포시 태평로 *** (동홍동,*층)",,2018-08-31 23:59:59
컴퓨터와인터넷정보센터,방문판매업,20080829,,취소/말소/만료/정지/중지,,,,,,제주특별자치도 서귀포시 동홍동 ***번지 **호,제주특별자치도 서귀포시 일주동로 **** (동홍동),,2018-08-31 23:59:59
신세기유통,방문판매업,20091224,,취소/말소/만료/정지/중지,,,,,,제주특별자치도 서귀포시 표선면 표선리 ***번지,제주특별자치도 서귀포시 표선면 표선중앙로 **,,2018-08-31 23:59:59
세아건강샵,방문판매업,20120817,,취소/말소/만료/정지/중지,,,,,,제주특별자치도 서귀포시 서귀동 ***번지 **호,제주특별자치도 서귀포시 중앙로**번길 ** (서귀동),697843.0,2018-08-31 23:59:59
여성 D.C 아울렛,방문판매업,20150204,,취소/말소/만료/정지/중지,,,,,,제주특별자치도 서귀포시 표선면 표선리 ***번지 *호,제주특별자치도 서귀포시 표선면 표선동서로 *** (우리한의원),63629.0,2018-08-31 23:59:59
코리아오피스(Korea Office),방문판매업,20121214,,취소/말소/만료/정지/중지,,,,,,,제주특별자치도 서귀포시 동문로 * (서귀동),697843.0,2018-08-31 23:59:59
모닝글로리 서귀포점,방문판매업,20150309,,취소/말소/만료/정지/중지,,,,,,제주특별자치도 서귀포시 서귀동 ***번지 *호 명보주택,"제주특별자치도 서귀포시 서문서로 ** (서귀동, 명보주택)",63593.0,2022-04-08 02:40:00
르노삼성자동차 서귀포대리점,방문판매업,20151030,,취소/말소/만료/정지/중지,,,,,,제주특별자치도 서귀포시 동홍동 ***번지 *호 르노삼성자동차,"제주특별자치도 서귀포시 일주동로 ****, 르노삼성자동차 (동홍동)",63589.0,2019-07-20 02:40:00
C.S딜로스,방문판매업,20070312,,취소/말소/만료/정지/중지,,,,,,서귀포시 서귀동 ***-**(*층),,,2018-08-31 23:59:59
원(one)텔레콤,방문판매업,20161020,,취소/말소/만료/정지/중지,,,,,,,제주특별자치도 서귀포시 ***로 *** (토평동),63580.0,2018-08-31 23:59:59
세요카페,방문판매업,20180525,,취소/말소/만료/정지/중지,,,,,,제주특별자치도 서귀포시 성산읍 고성리 ****번지 **호 동명아파트,"제주특별자치도 서귀포시 성산읍 고성동서로**번길 **, 가동 ***호 (동명아파트)",63640.0,2021-09-03 02:40:00
태양메디컬,방문판매업,20191017,,취소/말소/만료/정지/중지,,20200806.0,20201230.0,,,제주특별자치도 서귀포시 서귀동 ***번지 **호 남주 오피스텔,"제주특별자치도 서귀포시 중정로**번길 **, 남주 오피스텔 ***호 (서귀동)",63591.0,2021-04-22 02:40:00
한국야쿠르트 서귀포점,방문판매업,20200520,,취소/말소/만료/정지/중지,,,,,,제주특별자치도 서귀포시 서홍동 ***번지 **호 한국야쿠르트 서귀포점,"제주특별자치도 서귀포시 중앙로***번길 **, 한국야쿠르트 서귀포점 (서홍동)",63584.0,2021-03-24 02:40:00
